-18,1,24IqzawfefduU98gJncnbQ/oPx0=,TrZZUQn6FdZVM/rHWpzKcMSJTUc=
-19,1,24IqzawfefduU98gJncnbQ/oPx0=,TrZZUQn6FdZVM/rHWpzKcMSJTUc=
-18,2,24IqzawfefduU98gJncnbQ/oPx0=,P4iLqRh7VXFqE/nmO0ADi4Te0No=
-19,2,24IqzawfefduU98gJncnbQ/oPx0=,P4iLqRh7VXFqE/nmO0ADi4Te0No=
-19,3,24IqzawfefduU98gJncnbQ/oPx0=,P4iLqRh7VXFqE/nmO0ADi4Te0No=
-19,4,24IqzawfefduU98gJncnbQ/oPx0=,px/HqrMu88wAb8JEhCEBlkTeMiU=
-18,3,24IqzawfefduU98gJncnbQ/oPx0=,P4iLqRh7VXFqE/nmO0ADi4Te0No=
-18,4,24IqzawfefduU98gJncnbQ/oPx0=,px/HqrMu88wAb8JEhCEBlkTeMiU=
-19,6,ICtlExbA9yMiK5ZcFE3oZu/5M14=,3dZWmskaK4H8AL2+eWIlh8MVWLA=
-18,5,ICtlExbA9yMiK5ZcFE3oZu/5M14=,px/HqrMu88wAb8JEhCEBlkTeMiU=
-19,5,ICtlExbA9yMiK5ZcFE3oZu/5M14=,px/HqrMu88wAb8JEhCEBlkTeMiU=
-18,6,ICtlExbA9yMiK5ZcFE3oZu/5M14=,dG1Yri/iEN8/kKHsjTeIVzx15wg=
-19,7,ICtlExbA9yMiK5ZcFE3oZu/5M14=,3dZWmskaK4H8AL2+eWIlh8MVWLA=
-19,8,ICtlExbA9yMiK5ZcFE3oZu/5M14=,KWMHEy0MiGe+URA4Xswo5mF8cY8=
-18,8,ICtlExbA9yMiK5ZcFE3oZu/5M14=,ROudjQejxUtPEBTwLM3FrGSK4oc=
-18,7,ICtlExbA9yMiK5ZcFE3oZu/5M14=,dG1Yri/iEN8/kKHsjTeIVzx15wg=
-18,10,ICtlExbA9yMiK5ZcFE3oZu/5M14=,NsjcMIk4WXO6icww3U3vnGul9Y4=
-19,9,ICtlExbA9yMiK5ZcFE3oZu/5M14=,KWMHEy0MiGe+URA4Xswo5mF8cY8=
-19,10,ICtlExbA9yMiK5ZcFE3oZu/5M14=,KWMHEy0MiGe+URA4Xswo5mF8cY8=
-18,9,ICtlExbA9yMiK5ZcFE3oZu/5M14=,ROudjQejxUtPEBTwLM3FrGSK4oc=
-19,12,ICtlExbA9yMiK5ZcFE3oZu/5M14=,hvhgzVkIeC+ndxQ2aHWKkiGRZVg=
-19,11,ICtlExbA9yMiK5ZcFE3oZu/5M14=,KWMHEy0MiGe+URA4Xswo5mF8cY8=
-18,12,ICtlExbA9yMiK5ZcFE3oZu/5M14=,/eHBgO6ajHby8yp6GABo9pH6udI=
-18,11,ICtlExbA9yMiK5ZcFE3oZu/5M14=,NsjcMIk4WXO6icww3U3vnGul9Y4=
-19,14,70TQcy8EI17gNQg+wncHCo4RpPI=,v49g9ZNrJj4Iaa8PnaEt33lUzWY=
-18,13,70TQcy8EI17gNQg+wncHCo4RpPI=,/eHBgO6ajHby8yp6GABo9pH6udI=
-19,13,70TQcy8EI17gNQg+wncHCo4RpPI=,hvhgzVkIeC+ndxQ2aHWKkiGRZVg=
-18,14,70TQcy8EI17gNQg+wncHCo4RpPI=,kn0XsCOeS2giQlt8yBJXd2OQsuQ=
-19,15,70TQcy8EI17gNQg+wncHCo4RpPI=,v49g9ZNrJj4Iaa8PnaEt33lUzWY=
-18,15,70TQcy8EI17gNQg+wncHCo4RpPI=,kn0XsCOeS2giQlt8yBJXd2OQsuQ=
-17,1,70TQcy8EI17gNQg+wncHCo4RpPI=,TrZZUQn6FdZVM/rHWpzKcMSJTUc=
-17,15,70TQcy8EI17gNQg+wncHCo4RpPI=,kn0XsCOeS2giQlt8yBJXd2OQsuQ=
-17,13,70TQcy8EI17gNQg+wncHCo4RpPI=,/eHBgO6ajHby8yp6GABo9pH6udI=
-17,2,70TQcy8EI17gNQg+wncHCo4RpPI=,P4iLqRh7VXFqE/nmO0ADi4Te0No=
-17,14,70TQcy8EI17gNQg+wncHCo4RpPI=,kn0XsCOeS2giQlt8yBJXd2OQsuQ=
-17,3,70TQcy8EI17gNQg+wncHCo4RpPI=,P4iLqRh7VXFqE/nmO0ADi4Te0No=
-17,4,70TQcy8EI17gNQg+wncHCo4RpPI=,px/HqrMu88wAb8JEhCEBlkTeMiU=
-17,6,70TQcy8EI17gNQg+wncHCo4RpPI=,dG1Yri/iEN8/kKHsjTeIVzx15wg=
-17,5,70TQcy8EI17gNQg+wncHCo4RpPI=,px/HqrMu88wAb8JEhCEBlkTeMiU=
-17,0,70TQcy8EI17gNQg+wncHCo4RpPI=,TrZZUQn6FdZVM/rHWpzKcMSJTUc=
-18,0,70TQcy8EI17gNQg+wncHCo4RpPI=,TrZZUQn6FdZVM/rHWpzKcMSJTUc=
-17,11,70TQcy8EI17gNQg+wncHCo4RpPI=,NsjcMIk4WXO6icww3U3vnGul9Y4=
-17,12,70TQcy8EI17gNQg+wncHCo4RpPI=,/eHBgO6ajHby8yp6GABo9pH6udI=
-17,7,70TQcy8EI17gNQg+wncHCo4RpPI=,dG1Yri/iEN8/kKHsjTeIVzx15wg=
-17,10,70TQcy8EI17gNQg+wncHCo4RpPI=,NsjcMIk4WXO6icww3U3vnGul9Y4=
-17,9,70TQcy8EI17gNQg+wncHCo4RpPI=,ROudjQejxUtPEBTwLM3FrGSK4oc=
-17,8,70TQcy8EI17gNQg+wncHCo4RpPI=,ROudjQejxUtPEBTwLM3FrGSK4oc=
-19,0,70TQcy8EI17gNQg+wncHCo4RpPI=,TrZZUQn6FdZVM/rHWpzKcMSJTUc=
-20,0,70TQcy8EI17gNQg+wncHCo4RpPI=,TrZZUQn6FdZVM/rHWpzKcMSJTUc=
-20,12,70TQcy8EI17gNQg+wncHCo4RpPI=,hvhgzVkIeC+ndxQ2aHWKkiGRZVg=
-20,9,dFfzH1izuCs2q4iwS2l6MmM8HRU=,KWMHEy0MiGe+URA4Xswo5mF8cY8=
-20,11,dFfzH1izuCs2q4iwS2l6MmM8HRU=,KWMHEy0MiGe+URA4Xswo5mF8cY8=
-20,10,dFfzH1izuCs2q4iwS2l6MmM8HRU=,KWMHEy0MiGe+URA4Xswo5mF8cY8=
-20,1,dFfzH1izuCs2q4iwS2l6MmM8HRU=,TrZZUQn6FdZVM/rHWpzKcMSJTUc=
-20,3,dFfzH1izuCs2q4iwS2l6MmM8HRU=,P4iLqRh7VXFqE/nmO0ADi4Te0No=
-20,2,dFfzH1izuCs2q4iwS2l6MmM8HRU=,P4iLqRh7VXFqE/nmO0ADi4Te0No=
-20,4,dFfzH1izuCs2q4iwS2l6MmM8HRU=,px/HqrMu88wAb8JEhCEBlkTeMiU=
-20,15,dFfzH1izuCs2q4iwS2l6MmM8HRU=,v49g9ZNrJj4Iaa8PnaEt33lUzWY=
-20,13,dFfzH1izuCs2q4iwS2l6MmM8HRU=,hvhgzVkIeC+ndxQ2aHWKkiGRZVg=
-20,14,dFfzH1izuCs2q4iwS2l6MmM8HRU=,v49g9ZNrJj4Iaa8PnaEt33lUzWY=
-20,7,dFfzH1izuCs2q4iwS2l6MmM8HRU=,3dZWmskaK4H8AL2+eWIlh8MVWLA=
-20,5,dFfzH1izuCs2q4iwS2l6MmM8HRU=,px/HqrMu88wAb8JEhCEBlkTeMiU=
-20,6,dFfzH1izuCs2q4iwS2l6MmM8HRU=,3dZWmskaK4H8AL2+eWIlh8MVWLA=
-20,8,dFfzH1izuCs2q4iwS2l6MmM8HRU=,KWMHEy0MiGe+URA4Xswo5mF8cY8=
-18,17,dFfzH1izuCs2q4iwS2l6MmM8HRU=,KoW/HIaCnYsjx7JpWENriBau/20=
-19,18,dFfzH1izuCs2q4iwS2l6MmM8HRU=,Hc2KSGaQEOPBZnOfhbSk8cUvPro=
-19,17,dFfzH1izuCs2q4iwS2l6MmM8HRU=,KoW/HIaCnYsjx7JpWENriBau/20=
-17,16,dFfzH1izuCs2q4iwS2l6MmM8HRU=,KoW/HIaCnYsjx7JpWENriBau/20=
-18,18,dFfzH1izuCs2q4iwS2l6MmM8HRU=,Wn4EkTzS/ccXyZZjf9yyZHw34co=
-17,17,dFfzH1izuCs2q4iwS2l6MmM8HRU=,KoW/HIaCnYsjx7JpWENriBau/20=
-17,18,dFfzH1izuCs2q4iwS2l6MmM8HRU=,Wn4EkTzS/ccXyZZjf9yyZHw34co=
-19,16,vKptzOD3BIHJu520mu5HFIszmFE=,KoW/HIaCnYsjx7JpWENriBau/20=
-18,16,vKptzOD3BIHJu520mu5HFIszmFE=,KoW/HIaCnYsjx7JpWENriBau/20=
-20,18,vKptzOD3BIHJu520mu5HFIszmFE=,Hc2KSGaQEOPBZnOfhbSk8cUvPro=
-20,19,vKptzOD3BIHJu520mu5HFIszmFE=,Hc2KSGaQEOPBZnOfhbSk8cUvPro=
-20,16,vKptzOD3BIHJu520mu5HFIszmFE=,KoW/HIaCnYsjx7JpWENriBau/20=
-20,17,vKptzOD3BIHJu520mu5HFIszmFE=,KoW/HIaCnYsjx7JpWENriBau/20=
-17,19,vKptzOD3BIHJu520mu5HFIszmFE=,Wn4EkTzS/ccXyZZjf9yyZHw34co=
-18,19,vKptzOD3BIHJu520mu5HFIszmFE=,Wn4EkTzS/ccXyZZjf9yyZHw34co=
-19,19,vKptzOD3BIHJu520mu5HFIszmFE=,Hc2KSGaQEOPBZnOfhbSk8cUvPro=
-2,17,WemsVfhHdXFxTIGmyS7PKwQ4rG4=,WYapSid7yg+LN7d6YAp04/lgbpo=
-3,18,WemsVfhHdXFxTIGmyS7PKwQ4rG4=,PXLrJgBuXDAeKTj/Z6Xkx03OaGE=
-3,17,WemsVfhHdXFxTIGmyS7PKwQ4rG4=,ktp9AqifUY9vpj24wVsm2Ep8cvo=
-2,18,WemsVfhHdXFxTIGmyS7PKwQ4rG4=,SDA49GM54wzrgLJR0FVhnRtRkTc=
-5,18,WemsVfhHdXFxTIGmyS7PKwQ4rG4=,+sPWD1SD5xeA9XH7hSnyrC5zzAs=
-5,17,WemsVfhHdXFxTIGmyS7PKwQ4rG4=,ZgvW+l81TEwBVfdQ5jTWN63aEFU=
-4,18,WemsVfhHdXFxTIGmyS7PKwQ4rG4=,PXLrJgBuXDAeKTj/Z6Xkx03OaGE=
-4,17,WemsVfhHdXFxTIGmyS7PKwQ4rG4=,ktp9AqifUY9vpj24wVsm2Ep8cvo=
-7,18,WemsVfhHdXFxTIGmyS7PKwQ4rG4=,On7A/UFqc2+zrpmNLaPWprZxGdk=
-6,18,WemsVfhHdXFxTIGmyS7PKwQ4rG4=,+sPWD1SD5xeA9XH7hSnyrC5zzAs=
-6,17,WemsVfhHdXFxTIGmyS7PKwQ4rG4=,ZgvW+l81TEwBVfdQ5jTWN63aEFU=
-7,17,WemsVfhHdXFxTIGmyS7PKwQ4rG4=,mcNhmznxtmEsm5EAex/08k4PtG4=
-8,18,WemsVfhHdXFxTIGmyS7PKwQ4rG4=,On7A/UFqc2+zrpmNLaPWprZxGdk=
-9,18,WemsVfhHdXFxTIGmyS7PKwQ4rG4=,0KVHU2k3rh5Eur78KCPQPRz5+cA=
-8,17,WemsVfhHdXFxTIGmyS7PKwQ4rG4=,mcNhmznxtmEsm5EAex/08k4PtG4=
-9,17,WemsVfhHdXFxTIGmyS7PKwQ4rG4=,GPEswmpIwiArQvNF+NfO3Xgr95s=
-11,18,WemsVfhHdXFxTIGmyS7PKwQ4rG4=,7xYemvkY+wYcBu6wq38ArGYAm9c=
-11,17,WemsVfhHdXFxTIGmyS7PKwQ4rG4=,04MuU1r95lhx97KqX1FMFD4TmNY=
-10,18,WemsVfhHdXFxTIGmyS7PKwQ4rG4=,0KVHU2k3rh5Eur78KCPQPRz5+cA=
-10,17,WemsVfhHdXFxTIGmyS7PKwQ4rG4=,GPEswmpIwiArQvNF+NfO3Xgr95s=
-12,18,a3alHhySzsNIssYzoP9Vz3PkxU4=,7xYemvkY+wYcBu6wq38ArGYAm9c=
-13,17,a3alHhySzsNIssYzoP9Vz3PkxU4=,VueyVAZcsV65Lpd5VFqMnvLf41E=
-12,17,a3alHhySzsNIssYzoP9Vz3PkxU4=,04MuU1r95lhx97KqX1FMFD4TmNY=
-13,18,a3alHhySzsNIssYzoP9Vz3PkxU4=,jRMWZlJrjmSUU9c8S9Ccdnklisw=
-14,18,a3alHhySzsNIssYzoP9Vz3PkxU4=,jRMWZlJrjmSUU9c8S9Ccdnklisw=
-15,16,a3alHhySzsNIssYzoP9Vz3PkxU4=,RJRw0mYzYvdl1RhNngCuVR8kIxY=
-16,16,a3alHhySzsNIssYzoP9Vz3PkxU4=,RJRw0mYzYvdl1RhNngCuVR8kIxY=
-14,17,a3alHhySzsNIssYzoP9Vz3PkxU4=,VueyVAZcsV65Lpd5VFqMnvLf41E=
-14,16,a3alHhySzsNIssYzoP9Vz3PkxU4=,VueyVAZcsV65Lpd5VFqMnvLf41E=
-15,17,a3alHhySzsNIssYzoP9Vz3PkxU4=,RJRw0mYzYvdl1RhNngCuVR8kIxY=
-16,17,a3alHhySzsNIssYzoP9Vz3PkxU4=,RJRw0mYzYvdl1RhNngCuVR8kIxY=
-1,18,a3alHhySzsNIssYzoP9Vz3PkxU4=,SDA49GM54wzrgLJR0FVhnRtRkTc=
-1,17,a3alHhySzsNIssYzoP9Vz3PkxU4=,WYapSid7yg+LN7d6YAp04/lgbpo=
-15,18,a3alHhySzsNIssYzoP9Vz3PkxU4=,bAxtvvlhsHwP5aku51tc7w3W93Q=
-16,18,a3alHhySzsNIssYzoP9Vz3PkxU4=,bAxtvvlhsHwP5aku51tc7w3W93Q=
-5,16,a3alHhySzsNIssYzoP9Vz3PkxU4=,ZgvW+l81TEwBVfdQ5jTWN63aEFU=
-3,16,a3alHhySzsNIssYzoP9Vz3PkxU4=,ktp9AqifUY9vpj24wVsm2Ep8cvo=
-2,16,a3alHhySzsNIssYzoP9Vz3PkxU4=,WYapSid7yg+LN7d6YAp04/lgbpo=
-4,16,a3alHhySzsNIssYzoP9Vz3PkxU4=,ktp9AqifUY9vpj24wVsm2Ep8cvo=
-6,16,a3alHhySzsNIssYzoP9Vz3PkxU4=,ZgvW+l81TEwBVfdQ5jTWN63aEFU=
-7,16,a3alHhySzsNIssYzoP9Vz3PkxU4=,mcNhmznxtmEsm5EAex/08k4PtG4=
-12,16,a3alHhySzsNIssYzoP9Vz3PkxU4=,04MuU1r95lhx97KqX1FMFD4TmNY=
-10,16,a3alHhySzsNIssYzoP9Vz3PkxU4=,GPEswmpIwiArQvNF+NfO3Xgr95s=
-11,16,a3alHhySzsNIssYzoP9Vz3PkxU4=,04MuU1r95lhx97KqX1FMFD4TmNY=
-13,16,a3alHhySzsNIssYzoP9Vz3PkxU4=,VueyVAZcsV65Lpd5VFqMnvLf41E=
-8,16,sMdp0JBvUlKTmMt77RJ8wd0oQFg=,mcNhmznxtmEsm5EAex/08k4PtG4=
-8,19,sMdp0JBvUlKTmMt77RJ8wd0oQFg=,On7A/UFqc2+zrpmNLaPWprZxGdk=
-9,16,sMdp0JBvUlKTmMt77RJ8wd0oQFg=,GPEswmpIwiArQvNF+NfO3Xgr95s=
-6,19,sMdp0JBvUlKTmMt77RJ8wd0oQFg=,+sPWD1SD5xeA9XH7hSnyrC5zzAs=
-9,19,sMdp0JBvUlKTmMt77RJ8wd0oQFg=,0KVHU2k3rh5Eur78KCPQPRz5+cA=
-7,19,sMdp0JBvUlKTmMt77RJ8wd0oQFg=,On7A/UFqc2+zrpmNLaPWprZxGdk=
-1,16,sMdp0JBvUlKTmMt77RJ8wd0oQFg=,WYapSid7yg+LN7d6YAp04/lgbpo=
-5,19,sMdp0JBvUlKTmMt77RJ8wd0oQFg=,+sPWD1SD5xeA9XH7hSnyrC5zzAs=
-10,19,sMdp0JBvUlKTmMt77RJ8wd0oQFg=,0KVHU2k3rh5Eur78KCPQPRz5+cA=
-13,19,sMdp0JBvUlKTmMt77RJ8wd0oQFg=,jRMWZlJrjmSUU9c8S9Ccdnklisw=
-12,19,sMdp0JBvUlKTmMt77RJ8wd0oQFg=,7xYemvkY+wYcBu6wq38ArGYAm9c=
-16,19,sMdp0JBvUlKTmMt77RJ8wd0oQFg=,bAxtvvlhsHwP5aku51tc7w3W93Q=
-11,19,sMdp0JBvUlKTmMt77RJ8wd0oQFg=,7xYemvkY+wYcBu6wq38ArGYAm9c=
-4,19,sMdp0JBvUlKTmMt77RJ8wd0oQFg=,PXLrJgBuXDAeKTj/Z6Xkx03OaGE=
-2,19,sMdp0JBvUlKTmMt77RJ8wd0oQFg=,SDA49GM54wzrgLJR0FVhnRtRkTc=
-1,19,sMdp0JBvUlKTmMt77RJ8wd0oQFg=,SDA49GM54wzrgLJR0FVhnRtRkTc=
-14,19,sMdp0JBvUlKTmMt77RJ8wd0oQFg=,jRMWZlJrjmSUU9c8S9Ccdnklisw=
-15,19,sMdp0JBvUlKTmMt77RJ8wd0oQFg=,bAxtvvlhsHwP5aku51tc7w3W93Q=
-3,19,sMdp0JBvUlKTmMt77RJ8wd0oQFg=,PXLrJgBuXDAeKTj/Z6Xkx03OaGE=
-2,7,sMdp0JBvUlKTmMt77RJ8wd0oQFg=,hO0cYLHoOZtxSFeOar9lhj2d/BQ=
-2,8,sMdp0JBvUlKTmMt77RJ8wd0oQFg=,xg/H5dpxa+DEakhZ1zkA5x7H5kU=
-3,7,sMdp0JBvUlKTmMt77RJ8wd0oQFg=,v6jhi7v5rTPB2VDDmncy72NsNKQ=
-3,8,sMdp0JBvUlKTmMt77RJ8wd0oQFg=,6eNm+NwxYJag9mSsw1eCpiO4PSM=
-2,6,YP10sbqcrgdjlIvGvy3pzYYMdSk=,hO0cYLHoOZtxSFeOar9lhj2d/BQ=
-3,6,YP10sbqcrgdjlIvGvy3pzYYMdSk=,v6jhi7v5rTPB2VDDmncy72NsNKQ=
-2,5,YP10sbqcrgdjlIvGvy3pzYYMdSk=,0csL0UNmcXo64I33jEbHCOm5d0A=
-3,5,YP10sbqcrgdjlIvGvy3pzYYMdSk=,7plyA6f+HF1+d+hkd+JBBcN7xNA=
-4,7,YP10sbqcrgdjlIvGvy3pzYYMdSk=,v6jhi7v5rTPB2VDDmncy72NsNKQ=
-4,8,YP10sbqcrgdjlIvGvy3pzYYMdSk=,6eNm+NwxYJag9mSsw1eCpiO4PSM=
-5,8,YP10sbqcrgdjlIvGvy3pzYYMdSk=,4nc8eSI0gcJh0dhR11cMYHLEdhk=
-5,7,YP10sbqcrgdjlIvGvy3pzYYMdSk=,08yVIGm8Kb4V4vPiIk5FvAPHlm0=
-4,6,YP10sbqcrgdjlIvGvy3pzYYMdSk=,v6jhi7v5rTPB2VDDmncy72NsNKQ=
-4,5,YP10sbqcrgdjlIvGvy3pzYYMdSk=,7plyA6f+HF1+d+hkd+JBBcN7xNA=
-5,6,YP10sbqcrgdjlIvGvy3pzYYMdSk=,08yVIGm8Kb4V4vPiIk5FvAPHlm0=
-5,5,YP10sbqcrgdjlIvGvy3pzYYMdSk=,tVhr4z9dnF2IC4KrM1+pFH8GZuM=
-6,2,UFgTUxg7LuIcYrmNW9MTXpw/lLQ=,6DElwgYYv0Hk1N3R4li0aDf3KkU=
-7,1,UFgTUxg7LuIcYrmNW9MTXpw/lLQ=,H/U2pyvlSxaZf64RSeR1aKShjKs=
-7,2,UFgTUxg7LuIcYrmNW9MTXpw/lLQ=,T9jH/JPN74vQeAYds952abc8dPo=
-7,4,UFgTUxg7LuIcYrmNW9MTXpw/lLQ=,gE/KZxceV4VvZbJJZDFdrCOBa88=
-7,3,UFgTUxg7LuIcYrmNW9MTXpw/lLQ=,T9jH/JPN74vQeAYds952abc8dPo=
-6,4,UFgTUxg7LuIcYrmNW9MTXpw/lLQ=,tVhr4z9dnF2IC4KrM1+pFH8GZuM=
-6,3,UFgTUxg7LuIcYrmNW9MTXpw/lLQ=,6DElwgYYv0Hk1N3R4li0aDf3KkU=
-6,1,UFgTUxg7LuIcYrmNW9MTXpw/lLQ=,MJQKs6C5tF894Im2v5CFU/D6148=
-9,4,UFgTUxg7LuIcYrmNW9MTXpw/lLQ=,Guas5to8mT9ihPp6tMmZ8mh+CmE=
-9,3,UFgTUxg7LuIcYrmNW9MTXpw/lLQ=,oH5a1Y9cDPg7UYMp64TSw72fYlo=
-8,4,UFgTUxg7LuIcYrmNW9MTXpw/lLQ=,gE/KZxceV4VvZbJJZDFdrCOBa88=
-8,3,UFgTUxg7LuIcYrmNW9MTXpw/lLQ=,T9jH/JPN74vQeAYds952abc8dPo=
-8,2,UFgTUxg7LuIcYrmNW9MTXpw/lLQ=,T9jH/JPN74vQeAYds952abc8dPo=
-9,1,UFgTUxg7LuIcYrmNW9MTXpw/lLQ=,gdYG4+WlzPxEBHnk83wXLIwgLqE=
-9,2,UFgTUxg7LuIcYrmNW9MTXpw/lLQ=,oH5a1Y9cDPg7UYMp64TSw72fYlo=
-8,1,UFgTUxg7LuIcYrmNW9MTXpw/lLQ=,H/U2pyvlSxaZf64RSeR1aKShjKs=
-11,3,UFgTUxg7LuIcYrmNW9MTXpw/lLQ=,bdoYorDa+jB1g5b6vctxQZ+SbdU=
-10,4,UFgTUxg7LuIcYrmNW9MTXpw/lLQ=,Guas5to8mT9ihPp6tMmZ8mh+CmE=
-10,3,UFgTUxg7LuIcYrmNW9MTXpw/lLQ=,oH5a1Y9cDPg7UYMp64TSw72fYlo=
-11,4,UFgTUxg7LuIcYrmNW9MTXpw/lLQ=,OG24/wRHj3uQJvFJd60iyGHfOX8=
-11,2,UFgTUxg7LuIcYrmNW9MTXpw/lLQ=,bdoYorDa+jB1g5b6vctxQZ+SbdU=
-10,1,UFgTUxg7LuIcYrmNW9MTXpw/lLQ=,gdYG4+WlzPxEBHnk83wXLIwgLqE=
-11,1,UFgTUxg7LuIcYrmNW9MTXpw/lLQ=,0/zsvQk6yh6cyntmenD28dIgtpo=
-10,2,qcEOiG93eUkuxuRyFpPgJLhCTXg=,oH5a1Y9cDPg7UYMp64TSw72fYlo=
-13,3,qcEOiG93eUkuxuRyFpPgJLhCTXg=,+qWmqw5hVk0R7PXqLKj29KGme7s=
-13,4,qcEOiG93eUkuxuRyFpPgJLhCTXg=,+UuRf7/I0W7S986+c4vU5RfGE6Y=
-12,3,qcEOiG93eUkuxuRyFpPgJLhCTXg=,bdoYorDa+jB1g5b6vctxQZ+SbdU=
-12,4,qcEOiG93eUkuxuRyFpPgJLhCTXg=,OG24/wRHj3uQJvFJd60iyGHfOX8=
-13,1,qcEOiG93eUkuxuRyFpPgJLhCTXg=,taegkkdkie4kL6sZto3O/ShCarE=
-13,2,qcEOiG93eUkuxuRyFpPgJLhCTXg=,+qWmqw5hVk0R7PXqLKj29KGme7s=
-12,2,qcEOiG93eUkuxuRyFpPgJLhCTXg=,bdoYorDa+jB1g5b6vctxQZ+SbdU=
-12,1,qcEOiG93eUkuxuRyFpPgJLhCTXg=,0/zsvQk6yh6cyntmenD28dIgtpo=
-13,7,qcEOiG93eUkuxuRyFpPgJLhCTXg=,juOLtnY67bTfIe6NVEORS5XMYxE=
-13,8,qcEOiG93eUkuxuRyFpPgJLhCTXg=,9kMQLcZc09+50BDxO3ZomIV62K8=
-12,7,qcEOiG93eUkuxuRyFpPgJLhCTXg=,ofwx/IWW22je4/4mVoW/tnfZ5Aw=
-12,8,qcEOiG93eUkuxuRyFpPgJLhCTXg=,8e2m1S+bycKMmX6g3R7ZnCzzw/w=
-12,6,qcEOiG93eUkuxuRyFpPgJLhCTXg=,ofwx/IWW22je4/4mVoW/tnfZ5Aw=
-13,6,qcEOiG93eUkuxuRyFpPgJLhCTXg=,juOLtnY67bTfIe6NVEORS5XMYxE=
-12,5,qcEOiG93eUkuxuRyFpPgJLhCTXg=,OG24/wRHj3uQJvFJd60iyGHfOX8=
-13,5,qcEOiG93eUkuxuRyFpPgJLhCTXg=,+UuRf7/I0W7S986+c4vU5RfGE6Y=
-15,10,H8SVDNpdHMQijqZVN6dbQ47o9ys=,jRHM39V4hu/ZmKEbTjG9QdFk5iQ=
-12,10,H8SVDNpdHMQijqZVN6dbQ47o9ys=,wF0Gaedp8D0cqgwTjBvCJzljAIY=
-13,9,H8SVDNpdHMQijqZVN6dbQ47o9ys=,9kMQLcZc09+50BDxO3ZomIV62K8=
-12,9,H8SVDNpdHMQijqZVN6dbQ47o9ys=,8e2m1S+bycKMmX6g3R7ZnCzzw/w=
-13,10,H8SVDNpdHMQijqZVN6dbQ47o9ys=,MC5PO4VIx4nUFjYl5+AS1pxBRBA=
-14,9,H8SVDNpdHMQijqZVN6dbQ47o9ys=,9kMQLcZc09+50BDxO3ZomIV62K8=
-14,10,H8SVDNpdHMQijqZVN6dbQ47o9ys=,MC5PO4VIx4nUFjYl5+AS1pxBRBA=
-15,9,H8SVDNpdHMQijqZVN6dbQ47o9ys=,s93Frmyo4W+6R6CmfMBousgeC58=
-15,12,H8SVDNpdHMQijqZVN6dbQ47o9ys=,0PC/sEi18mT3vR3uYJ+BrHjVcQM=
-15,11,H8SVDNpdHMQijqZVN6dbQ47o9ys=,jRHM39V4hu/ZmKEbTjG9QdFk5iQ=
-14,11,H8SVDNpdHMQijqZVN6dbQ47o9ys=,MC5PO4VIx4nUFjYl5+AS1pxBRBA=
-14,12,H8SVDNpdHMQijqZVN6dbQ47o9ys=,wbnSVA3u1ABLnMnbbpZMR3LOp5c=
-12,11,H8SVDNpdHMQijqZVN6dbQ47o9ys=,wF0Gaedp8D0cqgwTjBvCJzljAIY=
-12,12,H8SVDNpdHMQijqZVN6dbQ47o9ys=,AERfG0yJaaR2dIJVBowtpt8hT7k=
-13,12,H8SVDNpdHMQijqZVN6dbQ47o9ys=,wbnSVA3u1ABLnMnbbpZMR3LOp5c=
-13,11,H8SVDNpdHMQijqZVN6dbQ47o9ys=,MC5PO4VIx4nUFjYl5+AS1pxBRBA=
-12,13,H8SVDNpdHMQijqZVN6dbQ47o9ys=,AERfG0yJaaR2dIJVBowtpt8hT7k=
-12,14,H8SVDNpdHMQijqZVN6dbQ47o9ys=,juxoAg9YqcfCBfjg6OnnaBbg4HE=
-13,13,H8SVDNpdHMQijqZVN6dbQ47o9ys=,wbnSVA3u1ABLnMnbbpZMR3LOp5c=
-13,14,H8SVDNpdHMQijqZVN6dbQ47o9ys=,cHnKEO9EYP0gofblGah1dm8bx0Y=
-11,14,H8SVDNpdHMQijqZVN6dbQ47o9ys=,juxoAg9YqcfCBfjg6OnnaBbg4HE=
-11,13,H8SVDNpdHMQijqZVN6dbQ47o9ys=,AERfG0yJaaR2dIJVBowtpt8hT7k=
-10,14,H8SVDNpdHMQijqZVN6dbQ47o9ys=,aoJ4zM2LAj+9XqFKZ7IDMBCdhak=
-10,13,H8SVDNpdHMQijqZVN6dbQ47o9ys=,kwqLex3kqI+zQVCS6epb+vmFGOQ=
-8,14,H8SVDNpdHMQijqZVN6dbQ47o9ys=,Uj1ikGX6u25NuGyEhirtAfBNivU=
-9,14,H8SVDNpdHMQijqZVN6dbQ47o9ys=,aoJ4zM2LAj+9XqFKZ7IDMBCdhak=
-9,13,ASK09iB46mZz1tVNnk33p8RJmi4=,kwqLex3kqI+zQVCS6epb+vmFGOQ=
-8,13,ASK09iB46mZz1tVNnk33p8RJmi4=,WLS+PLC18JQVhL7Fsj4P5jn7/ac=
-11,11,ASK09iB46mZz1tVNnk33p8RJmi4=,wF0Gaedp8D0cqgwTjBvCJzljAIY=
-11,12,ASK09iB46mZz1tVNnk33p8RJmi4=,AERfG0yJaaR2dIJVBowtpt8hT7k=
-10,12,ASK09iB46mZz1tVNnk33p8RJmi4=,kwqLex3kqI+zQVCS6epb+vmFGOQ=
-10,11,ASK09iB46mZz1tVNnk33p8RJmi4=,h0fp/aG+AWD5AfD7XPI+LtvE9rU=
-8,11,ASK09iB46mZz1tVNnk33p8RJmi4=,9hegO0RQNrW91Sz3WkLnkzSq0T0=
-9,12,ASK09iB46mZz1tVNnk33p8RJmi4=,kwqLex3kqI+zQVCS6epb+vmFGOQ=
-9,11,ASK09iB46mZz1tVNnk33p8RJmi4=,h0fp/aG+AWD5AfD7XPI+LtvE9rU=
-8,12,ASK09iB46mZz1tVNnk33p8RJmi4=,WLS+PLC18JQVhL7Fsj4P5jn7/ac=
-6,12,ASK09iB46mZz1tVNnk33p8RJmi4=,UfOF4sael4v+JbKMRCjgZV//pVw=
-6,11,ASK09iB46mZz1tVNnk33p8RJmi4=,x1v62jOlGi6AUWEbhONB1cHVjZw=
-7,12,ASK09iB46mZz1tVNnk33p8RJmi4=,WLS+PLC18JQVhL7Fsj4P5jn7/ac=
-7,11,ASK09iB46mZz1tVNnk33p8RJmi4=,9hegO0RQNrW91Sz3WkLnkzSq0T0=
-7,14,ASK09iB46mZz1tVNnk33p8RJmi4=,Uj1ikGX6u25NuGyEhirtAfBNivU=
-6,14,ASK09iB46mZz1tVNnk33p8RJmi4=,ZgvW+l81TEwBVfdQ5jTWN63aEFU=
-6,13,ASK09iB46mZz1tVNnk33p8RJmi4=,UfOF4sael4v+JbKMRCjgZV//pVw=
-4,12,F867PbRmDpbE+4hmVbKV/II01Bc=,6G6M2mz1TbKzB+7r7CuPDzV6Ai4=
-7,13,F867PbRmDpbE+4hmVbKV/II01Bc=,WLS+PLC18JQVhL7Fsj4P5jn7/ac=
-5,10,F867PbRmDpbE+4hmVbKV/II01Bc=,x1v62jOlGi6AUWEbhONB1cHVjZw=
-5,11,F867PbRmDpbE+4hmVbKV/II01Bc=,x1v62jOlGi6AUWEbhONB1cHVjZw=
-5,9,F867PbRmDpbE+4hmVbKV/II01Bc=,4nc8eSI0gcJh0dhR11cMYHLEdhk=
-4,14,F867PbRmDpbE+4hmVbKV/II01Bc=,JVP68eTzxMsdy57+izxi/qilt0s=
-4,11,F867PbRmDpbE+4hmVbKV/II01Bc=,XUbgB87h+rBXoxgpeVUUCQBbuPI=
-4,10,F867PbRmDpbE+4hmVbKV/II01Bc=,XUbgB87h+rBXoxgpeVUUCQBbuPI=
-5,12,F867PbRmDpbE+4hmVbKV/II01Bc=,UfOF4sael4v+JbKMRCjgZV//pVw=
-5,14,F867PbRmDpbE+4hmVbKV/II01Bc=,ZgvW+l81TEwBVfdQ5jTWN63aEFU=
-4,9,F867PbRmDpbE+4hmVbKV/II01Bc=,6eNm+NwxYJag9mSsw1eCpiO4PSM=
-4,13,F867PbRmDpbE+4hmVbKV/II01Bc=,6G6M2mz1TbKzB+7r7CuPDzV6Ai4=
-5,13,F867PbRmDpbE+4hmVbKV/II01Bc=,UfOF4sael4v+JbKMRCjgZV//pVw=
-3,9,F867PbRmDpbE+4hmVbKV/II01Bc=,6eNm+NwxYJag9mSsw1eCpiO4PSM=
-3,10,F867PbRmDpbE+4hmVbKV/II01Bc=,XUbgB87h+rBXoxgpeVUUCQBbuPI=
-3,13,F867PbRmDpbE+4hmVbKV/II01Bc=,6G6M2mz1TbKzB+7r7CuPDzV6Ai4=
-3,12,F867PbRmDpbE+4hmVbKV/II01Bc=,6G6M2mz1TbKzB+7r7CuPDzV6Ai4=
-3,11,F867PbRmDpbE+4hmVbKV/II01Bc=,XUbgB87h+rBXoxgpeVUUCQBbuPI=
-2,11,FFOUZVUJt2dx4oK19CL0hVJLm4o=,NYgC3MrvG+O6ZnqNN0qLPtDE4ek=
-1,11,FFOUZVUJt2dx4oK19CL0hVJLm4o=,NYgC3MrvG+O6ZnqNN0qLPtDE4ek=
-2,9,FFOUZVUJt2dx4oK19CL0hVJLm4o=,xg/H5dpxa+DEakhZ1zkA5x7H5kU=
-2,13,FFOUZVUJt2dx4oK19CL0hVJLm4o=,HkxExh+gZgBR7mRu1D1bKyI5GTw=
-2,15,FFOUZVUJt2dx4oK19CL0hVJLm4o=,pvo9j8SLZ+9ch3/9un6U3OYsxr8=
-2,10,FFOUZVUJt2dx4oK19CL0hVJLm4o=,NYgC3MrvG+O6ZnqNN0qLPtDE4ek=
-2,14,FFOUZVUJt2dx4oK19CL0hVJLm4o=,pvo9j8SLZ+9ch3/9un6U3OYsxr8=
-3,14,FFOUZVUJt2dx4oK19CL0hVJLm4o=,JVP68eTzxMsdy57+izxi/qilt0s=
-1,12,FFOUZVUJt2dx4oK19CL0hVJLm4o=,HkxExh+gZgBR7mRu1D1bKyI5GTw=
-3,15,FFOUZVUJt2dx4oK19CL0hVJLm4o=,JVP68eTzxMsdy57+izxi/qilt0s=
-2,12,FFOUZVUJt2dx4oK19CL0hVJLm4o=,HkxExh+gZgBR7mRu1D1bKyI5GTw=
-4,15,FFOUZVUJt2dx4oK19CL0hVJLm4o=,JVP68eTzxMsdy57+izxi/qilt0s=
-1,15,FFOUZVUJt2dx4oK19CL0hVJLm4o=,pvo9j8SLZ+9ch3/9un6U3OYsxr8=
-6,15,FFOUZVUJt2dx4oK19CL0hVJLm4o=,ZgvW+l81TEwBVfdQ5jTWN63aEFU=
-1,14,FFOUZVUJt2dx4oK19CL0hVJLm4o=,pvo9j8SLZ+9ch3/9un6U3OYsxr8=
-1,13,FFOUZVUJt2dx4oK19CL0hVJLm4o=,HkxExh+gZgBR7mRu1D1bKyI5GTw=
-5,15,FFOUZVUJt2dx4oK19CL0hVJLm4o=,ZgvW+l81TEwBVfdQ5jTWN63aEFU=
-7,15,FFOUZVUJt2dx4oK19CL0hVJLm4o=,Uj1ikGX6u25NuGyEhirtAfBNivU=
-11,15,FFOUZVUJt2dx4oK19CL0hVJLm4o=,juxoAg9YqcfCBfjg6OnnaBbg4HE=
-9,15,FFOUZVUJt2dx4oK19CL0hVJLm4o=,aoJ4zM2LAj+9XqFKZ7IDMBCdhak=
-12,15,FFOUZVUJt2dx4oK19CL0hVJLm4o=,juxoAg9YqcfCBfjg6OnnaBbg4HE=
-8,15,FFOUZVUJt2dx4oK19CL0hVJLm4o=,Uj1ikGX6u25NuGyEhirtAfBNivU=
-10,15,FFOUZVUJt2dx4oK19CL0hVJLm4o=,aoJ4zM2LAj+9XqFKZ7IDMBCdhak=
-13,15,FFOUZVUJt2dx4oK19CL0hVJLm4o=,cHnKEO9EYP0gofblGah1dm8bx0Y=
-14,13,FFOUZVUJt2dx4oK19CL0hVJLm4o=,wbnSVA3u1ABLnMnbbpZMR3LOp5c=
-14,14,FFOUZVUJt2dx4oK19CL0hVJLm4o=,cHnKEO9EYP0gofblGah1dm8bx0Y=
-15,15,KZbu8MHA7iSkRwuAnxfETO4uxvU=,hgNSgWNG/LAnHCEQthjwhmZlljU=
-15,13,KZbu8MHA7iSkRwuAnxfETO4uxvU=,0PC/sEi18mT3vR3uYJ+BrHjVcQM=
-16,13,KZbu8MHA7iSkRwuAnxfETO4uxvU=,0PC/sEi18mT3vR3uYJ+BrHjVcQM=
-14,15,KZbu8MHA7iSkRwuAnxfETO4uxvU=,cHnKEO9EYP0gofblGah1dm8bx0Y=
-15,14,KZbu8MHA7iSkRwuAnxfETO4uxvU=,hgNSgWNG/LAnHCEQthjwhmZlljU=
-16,14,KZbu8MHA7iSkRwuAnxfETO4uxvU=,hgNSgWNG/LAnHCEQthjwhmZlljU=
-16,11,KZbu8MHA7iSkRwuAnxfETO4uxvU=,jRHM39V4hu/ZmKEbTjG9QdFk5iQ=
-16,12,KZbu8MHA7iSkRwuAnxfETO4uxvU=,0PC/sEi18mT3vR3uYJ+BrHjVcQM=
-16,9,KZbu8MHA7iSkRwuAnxfETO4uxvU=,s93Frmyo4W+6R6CmfMBousgeC58=
-16,10,KZbu8MHA7iSkRwuAnxfETO4uxvU=,jRHM39V4hu/ZmKEbTjG9QdFk5iQ=
-15,8,KZbu8MHA7iSkRwuAnxfETO4uxvU=,s93Frmyo4W+6R6CmfMBousgeC58=
-15,7,KZbu8MHA7iSkRwuAnxfETO4uxvU=,HsPlstRjZ6EgVOatimvUa5+/17k=
-14,8,KZbu8MHA7iSkRwuAnxfETO4uxvU=,9kMQLcZc09+50BDxO3ZomIV62K8=
-14,6,KZbu8MHA7iSkRwuAnxfETO4uxvU=,juOLtnY67bTfIe6NVEORS5XMYxE=
-14,7,KZbu8MHA7iSkRwuAnxfETO4uxvU=,juOLtnY67bTfIe6NVEORS5XMYxE=
-15,5,KZbu8MHA7iSkRwuAnxfETO4uxvU=,fLioZ5pt2Tt1tgcmR3obHcOZUpQ=
-14,5,KZbu8MHA7iSkRwuAnxfETO4uxvU=,+UuRf7/I0W7S986+c4vU5RfGE6Y=
-15,6,KZbu8MHA7iSkRwuAnxfETO4uxvU=,HsPlstRjZ6EgVOatimvUa5+/17k=
-16,7,KZbu8MHA7iSkRwuAnxfETO4uxvU=,HsPlstRjZ6EgVOatimvUa5+/17k=
-16,8,+c/Ovp+SzpNzSu56VY2OHsk+beg=,s93Frmyo4W+6R6CmfMBousgeC58=
-14,3,+c/Ovp+SzpNzSu56VY2OHsk+beg=,+qWmqw5hVk0R7PXqLKj29KGme7s=
-14,1,+c/Ovp+SzpNzSu56VY2OHsk+beg=,taegkkdkie4kL6sZto3O/ShCarE=
-15,2,+c/Ovp+SzpNzSu56VY2OHsk+beg=,n/CqLlY4X8uVvxTNqx6jSNhk1wU=
-14,2,+c/Ovp+SzpNzSu56VY2OHsk+beg=,+qWmqw5hVk0R7PXqLKj29KGme7s=
-15,4,+c/Ovp+SzpNzSu56VY2OHsk+beg=,fLioZ5pt2Tt1tgcmR3obHcOZUpQ=
-14,4,+c/Ovp+SzpNzSu56VY2OHsk+beg=,+UuRf7/I0W7S986+c4vU5RfGE6Y=
-15,1,+c/Ovp+SzpNzSu56VY2OHsk+beg=,btARURibd5tug7ZNxvj9DGwasI8=
-15,3,+c/Ovp+SzpNzSu56VY2OHsk+beg=,n/CqLlY4X8uVvxTNqx6jSNhk1wU=
-16,3,+c/Ovp+SzpNzSu56VY2OHsk+beg=,n/CqLlY4X8uVvxTNqx6jSNhk1wU=
-16,6,+c/Ovp+SzpNzSu56VY2OHsk+beg=,HsPlstRjZ6EgVOatimvUa5+/17k=
-16,5,+c/Ovp+SzpNzSu56VY2OHsk+beg=,fLioZ5pt2Tt1tgcmR3obHcOZUpQ=
-16,4,+c/Ovp+SzpNzSu56VY2OHsk+beg=,fLioZ5pt2Tt1tgcmR3obHcOZUpQ=
-16,2,+c/Ovp+SzpNzSu56VY2OHsk+beg=,n/CqLlY4X8uVvxTNqx6jSNhk1wU=
-16,1,+c/Ovp+SzpNzSu56VY2OHsk+beg=,btARURibd5tug7ZNxvj9DGwasI8=
-15,0,+c/Ovp+SzpNzSu56VY2OHsk+beg=,btARURibd5tug7ZNxvj9DGwasI8=
-14,0,+c/Ovp+SzpNzSu56VY2OHsk+beg=,taegkkdkie4kL6sZto3O/ShCarE=
-9,0,+c/Ovp+SzpNzSu56VY2OHsk+beg=,gdYG4+WlzPxEBHnk83wXLIwgLqE=
-8,0,+c/Ovp+SzpNzSu56VY2OHsk+beg=,H/U2pyvlSxaZf64RSeR1aKShjKs=
-10,0,+c/Ovp+SzpNzSu56VY2OHsk+beg=,gdYG4+WlzPxEBHnk83wXLIwgLqE=
-11,0,+c/Ovp+SzpNzSu56VY2OHsk+beg=,0/zsvQk6yh6cyntmenD28dIgtpo=
-12,0,+c/Ovp+SzpNzSu56VY2OHsk+beg=,0/zsvQk6yh6cyntmenD28dIgtpo=
-7,0,+c/Ovp+SzpNzSu56VY2OHsk+beg=,H/U2pyvlSxaZf64RSeR1aKShjKs=
-13,0,+c/Ovp+SzpNzSu56VY2OHsk+beg=,taegkkdkie4kL6sZto3O/ShCarE=
-6,0,+c/Ovp+SzpNzSu56VY2OHsk+beg=,MJQKs6C5tF894Im2v5CFU/D6148=
-3,4,+c/Ovp+SzpNzSu56VY2OHsk+beg=,7plyA6f+HF1+d+hkd+JBBcN7xNA=
-4,4,+c/Ovp+SzpNzSu56VY2OHsk+beg=,7plyA6f+HF1+d+hkd+JBBcN7xNA=
-5,2,+c/Ovp+SzpNzSu56VY2OHsk+beg=,6DElwgYYv0Hk1N3R4li0aDf3KkU=
-2,4,+c/Ovp+SzpNzSu56VY2OHsk+beg=,0csL0UNmcXo64I33jEbHCOm5d0A=
-5,3,+c/Ovp+SzpNzSu56VY2OHsk+beg=,6DElwgYYv0Hk1N3R4li0aDf3KkU=
-5,4,+c/Ovp+SzpNzSu56VY2OHsk+beg=,tVhr4z9dnF2IC4KrM1+pFH8GZuM=
-3,3,+c/Ovp+SzpNzSu56VY2OHsk+beg=,nZauiMp5CYBKl65PPEuJw2jogFY=
-2,3,+c/Ovp+SzpNzSu56VY2OHsk+beg=,nQPrDgIxYncK27q6svVqTO8DLrc=
-4,3,+c/Ovp+SzpNzSu56VY2OHsk+beg=,nZauiMp5CYBKl65PPEuJw2jogFY=
-4,2,+c/Ovp+SzpNzSu56VY2OHsk+beg=,nZauiMp5CYBKl65PPEuJw2jogFY=
-3,2,uRFhKguEF0UnDFYvyDONkq5Ctu0=,nZauiMp5CYBKl65PPEuJw2jogFY=
-2,2,uRFhKguEF0UnDFYvyDONkq5Ctu0=,nQPrDgIxYncK27q6svVqTO8DLrc=
-5,1,uRFhKguEF0UnDFYvyDONkq5Ctu0=,MJQKs6C5tF894Im2v5CFU/D6148=
-2,1,uRFhKguEF0UnDFYvyDONkq5Ctu0=,HTWBzkv9K/QiWBgo02yjiWTz7TM=
-3,1,uRFhKguEF0UnDFYvyDONkq5Ctu0=,nZauiMp5CYBKl65PPEuJw2jogFY=
-4,1,uRFhKguEF0UnDFYvyDONkq5Ctu0=,nZauiMp5CYBKl65PPEuJw2jogFY=
-1,6,uRFhKguEF0UnDFYvyDONkq5Ctu0=,hO0cYLHoOZtxSFeOar9lhj2d/BQ=
-3,0,uRFhKguEF0UnDFYvyDONkq5Ctu0=,nZauiMp5CYBKl65PPEuJw2jogFY=
-1,5,uRFhKguEF0UnDFYvyDONkq5Ctu0=,0csL0UNmcXo64I33jEbHCOm5d0A=
-1,1,uRFhKguEF0UnDFYvyDONkq5Ctu0=,HTWBzkv9K/QiWBgo02yjiWTz7TM=
-1,4,uRFhKguEF0UnDFYvyDONkq5Ctu0=,0csL0UNmcXo64I33jEbHCOm5d0A=
-1,2,uRFhKguEF0UnDFYvyDONkq5Ctu0=,nQPrDgIxYncK27q6svVqTO8DLrc=
-4,0,uRFhKguEF0UnDFYvyDONkq5Ctu0=,nZauiMp5CYBKl65PPEuJw2jogFY=
-1,3,uRFhKguEF0UnDFYvyDONkq5Ctu0=,nQPrDgIxYncK27q6svVqTO8DLrc=
-1,0,uRFhKguEF0UnDFYvyDONkq5Ctu0=,HTWBzkv9K/QiWBgo02yjiWTz7TM=
-2,0,uRFhKguEF0UnDFYvyDONkq5Ctu0=,HTWBzkv9K/QiWBgo02yjiWTz7TM=
-9,5,uRFhKguEF0UnDFYvyDONkq5Ctu0=,Guas5to8mT9ihPp6tMmZ8mh+CmE=
-5,0,uRFhKguEF0UnDFYvyDONkq5Ctu0=,MJQKs6C5tF894Im2v5CFU/D6148=
-16,0,uRFhKguEF0UnDFYvyDONkq5Ctu0=,btARURibd5tug7ZNxvj9DGwasI8=
-10,5,uRFhKguEF0UnDFYvyDONkq5Ctu0=,Guas5to8mT9ihPp6tMmZ8mh+CmE=
-11,10,uRFhKguEF0UnDFYvyDONkq5Ctu0=,wF0Gaedp8D0cqgwTjBvCJzljAIY=
-10,10,uRFhKguEF0UnDFYvyDONkq5Ctu0=,h0fp/aG+AWD5AfD7XPI+LtvE9rU=
-6,9,uRFhKguEF0UnDFYvyDONkq5Ctu0=,4nc8eSI0gcJh0dhR11cMYHLEdhk=
-6,6,uRFhKguEF0UnDFYvyDONkq5Ctu0=,08yVIGm8Kb4V4vPiIk5FvAPHlm0=
-11,5,uRFhKguEF0UnDFYvyDONkq5Ctu0=,OG24/wRHj3uQJvFJd60iyGHfOX8=
-8,5,uRFhKguEF0UnDFYvyDONkq5Ctu0=,gE/KZxceV4VvZbJJZDFdrCOBa88=
-7,5,uRFhKguEF0UnDFYvyDONkq5Ctu0=,gE/KZxceV4VvZbJJZDFdrCOBa88=
-11,6,uRFhKguEF0UnDFYvyDONkq5Ctu0=,ofwx/IWW22je4/4mVoW/tnfZ5Aw=
-6,5,uRFhKguEF0UnDFYvyDONkq5Ctu0=,tVhr4z9dnF2IC4KrM1+pFH8GZuM=
-11,9,uRFhKguEF0UnDFYvyDONkq5Ctu0=,8e2m1S+bycKMmX6g3R7ZnCzzw/w=
-11,8,uRFhKguEF0UnDFYvyDONkq5Ctu0=,8e2m1S+bycKMmX6g3R7ZnCzzw/w=
-1,9,uRFhKguEF0UnDFYvyDONkq5Ctu0=,xg/H5dpxa+DEakhZ1zkA5x7H5kU=
-1,10,uRFhKguEF0UnDFYvyDONkq5Ctu0=,NYgC3MrvG+O6ZnqNN0qLPtDE4ek=
-6,8,uRFhKguEF0UnDFYvyDONkq5Ctu0=,4nc8eSI0gcJh0dhR11cMYHLEdhk=
-1,7,uRFhKguEF0UnDFYvyDONkq5Ctu0=,hO0cYLHoOZtxSFeOar9lhj2d/BQ=
-1,8,uRFhKguEF0UnDFYvyDONkq5Ctu0=,xg/H5dpxa+DEakhZ1zkA5x7H5kU=
-9,10,uRFhKguEF0UnDFYvyDONkq5Ctu0=,h0fp/aG+AWD5AfD7XPI+LtvE9rU=
-8,10,uRFhKguEF0UnDFYvyDONkq5Ctu0=,9hegO0RQNrW91Sz3WkLnkzSq0T0=
-16,15,uRFhKguEF0UnDFYvyDONkq5Ctu0=,hgNSgWNG/LAnHCEQthjwhmZlljU=
-6,10,uRFhKguEF0UnDFYvyDONkq5Ctu0=,x1v62jOlGi6AUWEbhONB1cHVjZw=
-6,7,uRFhKguEF0UnDFYvyDONkq5Ctu0=,08yVIGm8Kb4V4vPiIk5FvAPHlm0=
-7,10,uRFhKguEF0UnDFYvyDONkq5Ctu0=,9hegO0RQNrW91Sz3WkLnkzSq0T0=
-11,7,uRFhKguEF0UnDFYvyDONkq5Ctu0=,ofwx/IWW22je4/4mVoW/tnfZ5Aw=
-8,6,uRFhKguEF0UnDFYvyDONkq5Ctu0=,txXqXa9rwy1oVymBWAvqzatVm3A=
-10,6,uRFhKguEF0UnDFYvyDONkq5Ctu0=,ALp4UCr5ZXWVbf72kFwqCxjV/Ns=
-7,6,uRFhKguEF0UnDFYvyDONkq5Ctu0=,txXqXa9rwy1oVymBWAvqzatVm3A=
-8,8,uRFhKguEF0UnDFYvyDONkq5Ctu0=,FYpwj5YhzNjnTk+/Gdz8jsM0dvg=
-9,6,uRFhKguEF0UnDFYvyDONkq5Ctu0=,ALp4UCr5ZXWVbf72kFwqCxjV/Ns=
-8,9,uRFhKguEF0UnDFYvyDONkq5Ctu0=,FYpwj5YhzNjnTk+/Gdz8jsM0dvg=
-10,9,uRFhKguEF0UnDFYvyDONkq5Ctu0=,DgE+/lbGbkXZo1DKJkB+ol4dZlQ=
-10,8,uRFhKguEF0UnDFYvyDONkq5Ctu0=,DgE+/lbGbkXZo1DKJkB+ol4dZlQ=
-9,8,uRFhKguEF0UnDFYvyDONkq5Ctu0=,DgE+/lbGbkXZo1DKJkB+ol4dZlQ=
-8,7,uRFhKguEF0UnDFYvyDONkq5Ctu0=,txXqXa9rwy1oVymBWAvqzatVm3A=
-9,9,uRFhKguEF0UnDFYvyDONkq5Ctu0=,DgE+/lbGbkXZo1DKJkB+ol4dZlQ=
-7,8,uRFhKguEF0UnDFYvyDONkq5Ctu0=,FYpwj5YhzNjnTk+/Gdz8jsM0dvg=
-7,7,uRFhKguEF0UnDFYvyDONkq5Ctu0=,txXqXa9rwy1oVymBWAvqzatVm3A=
-9,7,uRFhKguEF0UnDFYvyDONkq5Ctu0=,ALp4UCr5ZXWVbf72kFwqCxjV/Ns=
-10,7,uRFhKguEF0UnDFYvyDONkq5Ctu0=,ALp4UCr5ZXWVbf72kFwqCxjV/Ns=
-7,9,uRFhKguEF0UnDFYvyDONkq5Ctu0=,FYpwj5YhzNjnTk+/Gdz8jsM0dvg=
