-36,-38,HYFz1Z/w+50WNBbQ0/k/xgfp0AU=,X/Ns9GP0y+bSEZfqF7ryqfsS6d4=
-35,-38,HYFz1Z/w+50WNBbQ0/k/xgfp0AU=,X/Ns9GP0y+bSEZfqF7ryqfsS6d4=
-36,-37,HYFz1Z/w+50WNBbQ0/k/xgfp0AU=,X/Ns9GP0y+bSEZfqF7ryqfsS6d4=
-35,-37,QaGW7+eDjMWyGp8TfPnP6rVrCLM=,X/Ns9GP0y+bSEZfqF7ryqfsS6d4=
-37,-37,HYFz1Z/w+50WNBbQ0/k/xgfp0AU=,076VYEOoiz25g+aJvcJQ+Dg9Uh8=
-38,-35,HYFz1Z/w+50WNBbQ0/k/xgfp0AU=,Pfo2FIOYMKgZdZUF5mkCamgXUNo=
-33,-37,HYFz1Z/w+50WNBbQ0/k/xgfp0AU=,X/Ns9GP0y+bSEZfqF7ryqfsS6d4=
-38,-36,HYFz1Z/w+50WNBbQ0/k/xgfp0AU=,Pfo2FIOYMKgZdZUF5mkCamgXUNo=
-33,-38,HYFz1Z/w+50WNBbQ0/k/xgfp0AU=,X/Ns9GP0y+bSEZfqF7ryqfsS6d4=
-38,-37,HYFz1Z/w+50WNBbQ0/k/xgfp0AU=,076VYEOoiz25g+aJvcJQ+Dg9Uh8=
-37,-34,QaGW7+eDjMWyGp8TfPnP6rVrCLM=,Pfo2FIOYMKgZdZUF5mkCamgXUNo=
-35,-35,QaGW7+eDjMWyGp8TfPnP6rVrCLM=,nMNwIgT9tYM4ghyGT/xdxCdsAFM=
-33,-36,HYFz1Z/w+50WNBbQ0/k/xgfp0AU=,nMNwIgT9tYM4ghyGT/xdxCdsAFM=
-34,-37,HYFz1Z/w+50WNBbQ0/k/xgfp0AU=,X/Ns9GP0y+bSEZfqF7ryqfsS6d4=
-36,-34,QaGW7+eDjMWyGp8TfPnP6rVrCLM=,nMNwIgT9tYM4ghyGT/xdxCdsAFM=
-36,-36,QaGW7+eDjMWyGp8TfPnP6rVrCLM=,nMNwIgT9tYM4ghyGT/xdxCdsAFM=
-37,-38,HYFz1Z/w+50WNBbQ0/k/xgfp0AU=,076VYEOoiz25g+aJvcJQ+Dg9Uh8=
-35,-36,QaGW7+eDjMWyGp8TfPnP6rVrCLM=,nMNwIgT9tYM4ghyGT/xdxCdsAFM=
-36,-33,HYFz1Z/w+50WNBbQ0/k/xgfp0AU=,nMNwIgT9tYM4ghyGT/xdxCdsAFM=
-38,-33,QaGW7+eDjMWyGp8TfPnP6rVrCLM=,Pfo2FIOYMKgZdZUF5mkCamgXUNo=
-38,-34,QaGW7+eDjMWyGp8TfPnP6rVrCLM=,Pfo2FIOYMKgZdZUF5mkCamgXUNo=
-38,-38,HYFz1Z/w+50WNBbQ0/k/xgfp0AU=,076VYEOoiz25g+aJvcJQ+Dg9Uh8=
-40,-34,HYFz1Z/w+50WNBbQ0/k/xgfp0AU=,Pfo2FIOYMKgZdZUF5mkCamgXUNo=
-40,-33,HYFz1Z/w+50WNBbQ0/k/xgfp0AU=,Pfo2FIOYMKgZdZUF5mkCamgXUNo=
-36,-35,QaGW7+eDjMWyGp8TfPnP6rVrCLM=,nMNwIgT9tYM4ghyGT/xdxCdsAFM=
-34,-38,HYFz1Z/w+50WNBbQ0/k/xgfp0AU=,X/Ns9GP0y+bSEZfqF7ryqfsS6d4=
-35,-33,QaGW7+eDjMWyGp8TfPnP6rVrCLM=,nMNwIgT9tYM4ghyGT/xdxCdsAFM=
-36,-40,HYFz1Z/w+50WNBbQ0/k/xgfp0AU=,X/Ns9GP0y+bSEZfqF7ryqfsS6d4=
-35,-40,HYFz1Z/w+50WNBbQ0/k/xgfp0AU=,X/Ns9GP0y+bSEZfqF7ryqfsS6d4=
-34,-40,HYFz1Z/w+50WNBbQ0/k/xgfp0AU=,X/Ns9GP0y+bSEZfqF7ryqfsS6d4=
-37,-40,HYFz1Z/w+50WNBbQ0/k/xgfp0AU=,076VYEOoiz25g+aJvcJQ+Dg9Uh8=
-33,-40,HYFz1Z/w+50WNBbQ0/k/xgfp0AU=,X/Ns9GP0y+bSEZfqF7ryqfsS6d4=
-37,-35,HYFz1Z/w+50WNBbQ0/k/xgfp0AU=,Pfo2FIOYMKgZdZUF5mkCamgXUNo=
-38,-40,HYFz1Z/w+50WNBbQ0/k/xgfp0AU=,076VYEOoiz25g+aJvcJQ+Dg9Uh8=
-39,-34,HYFz1Z/w+50WNBbQ0/k/xgfp0AU=,Pfo2FIOYMKgZdZUF5mkCamgXUNo=
-39,-33,HYFz1Z/w+50WNBbQ0/k/xgfp0AU=,Pfo2FIOYMKgZdZUF5mkCamgXUNo=
-35,-34,HYFz1Z/w+50WNBbQ0/k/xgfp0AU=,nMNwIgT9tYM4ghyGT/xdxCdsAFM=
-33,-33,HYFz1Z/w+50WNBbQ0/k/xgfp0AU=,nMNwIgT9tYM4ghyGT/xdxCdsAFM=
-34,-34,HYFz1Z/w+50WNBbQ0/k/xgfp0AU=,nMNwIgT9tYM4ghyGT/xdxCdsAFM=
-33,-35,HYFz1Z/w+50WNBbQ0/k/xgfp0AU=,nMNwIgT9tYM4ghyGT/xdxCdsAFM=
-37,-36,HYFz1Z/w+50WNBbQ0/k/xgfp0AU=,Pfo2FIOYMKgZdZUF5mkCamgXUNo=
-34,-33,HYFz1Z/w+50WNBbQ0/k/xgfp0AU=,nMNwIgT9tYM4ghyGT/xdxCdsAFM=
-37,-33,HYFz1Z/w+50WNBbQ0/k/xgfp0AU=,Pfo2FIOYMKgZdZUF5mkCamgXUNo=
-35,-39,HYFz1Z/w+50WNBbQ0/k/xgfp0AU=,X/Ns9GP0y+bSEZfqF7ryqfsS6d4=
-33,-34,HYFz1Z/w+50WNBbQ0/k/xgfp0AU=,nMNwIgT9tYM4ghyGT/xdxCdsAFM=
-40,-40,HYFz1Z/w+50WNBbQ0/k/xgfp0AU=,076VYEOoiz25g+aJvcJQ+Dg9Uh8=
-34,-36,HYFz1Z/w+50WNBbQ0/k/xgfp0AU=,nMNwIgT9tYM4ghyGT/xdxCdsAFM=
-36,-39,HYFz1Z/w+50WNBbQ0/k/xgfp0AU=,X/Ns9GP0y+bSEZfqF7ryqfsS6d4=
-40,-35,HYFz1Z/w+50WNBbQ0/k/xgfp0AU=,Pfo2FIOYMKgZdZUF5mkCamgXUNo=
-40,-39,HYFz1Z/w+50WNBbQ0/k/xgfp0AU=,076VYEOoiz25g+aJvcJQ+Dg9Uh8=
-40,-36,HYFz1Z/w+50WNBbQ0/k/xgfp0AU=,Pfo2FIOYMKgZdZUF5mkCamgXUNo=
-34,-35,HYFz1Z/w+50WNBbQ0/k/xgfp0AU=,nMNwIgT9tYM4ghyGT/xdxCdsAFM=
-40,-37,HYFz1Z/w+50WNBbQ0/k/xgfp0AU=,076VYEOoiz25g+aJvcJQ+Dg9Uh8=
-40,-38,HYFz1Z/w+50WNBbQ0/k/xgfp0AU=,076VYEOoiz25g+aJvcJQ+Dg9Uh8=
-39,-40,HYFz1Z/w+50WNBbQ0/k/xgfp0AU=,076VYEOoiz25g+aJvcJQ+Dg9Uh8=
-38,-39,HYFz1Z/w+50WNBbQ0/k/xgfp0AU=,076VYEOoiz25g+aJvcJQ+Dg9Uh8=
-33,-39,HYFz1Z/w+50WNBbQ0/k/xgfp0AU=,X/Ns9GP0y+bSEZfqF7ryqfsS6d4=
-37,-39,HYFz1Z/w+50WNBbQ0/k/xgfp0AU=,076VYEOoiz25g+aJvcJQ+Dg9Uh8=
-39,-36,HYFz1Z/w+50WNBbQ0/k/xgfp0AU=,Pfo2FIOYMKgZdZUF5mkCamgXUNo=
-34,-39,HYFz1Z/w+50WNBbQ0/k/xgfp0AU=,X/Ns9GP0y+bSEZfqF7ryqfsS6d4=
-39,-35,HYFz1Z/w+50WNBbQ0/k/xgfp0AU=,Pfo2FIOYMKgZdZUF5mkCamgXUNo=
-39,-38,HYFz1Z/w+50WNBbQ0/k/xgfp0AU=,076VYEOoiz25g+aJvcJQ+Dg9Uh8=
-39,-39,HYFz1Z/w+50WNBbQ0/k/xgfp0AU=,076VYEOoiz25g+aJvcJQ+Dg9Uh8=
-39,-37,HYFz1Z/w+50WNBbQ0/k/xgfp0AU=,076VYEOoiz25g+aJvcJQ+Dg9Uh8=
