23,-41,Cm8gPwGAuKNFYJEK7pTRhnWTNvg=,fWqWONfuAEw6uTA6J9oDy9kYydw=
25,-39,Cm8gPwGAuKNFYJEK7pTRhnWTNvg=,j0TEwQLsGOnIzL5armbtfnPYdak=
27,-41,Cm8gPwGAuKNFYJEK7pTRhnWTNvg=,cR7DD7Mp/ZGAotGe2mSuUX2qXtI=
20,-40,Cm8gPwGAuKNFYJEK7pTRhnWTNvg=,WkCo9ev7dT90uizY//CSITM8aeI=
27,-44,Cm8gPwGAuKNFYJEK7pTRhnWTNvg=,cR7DD7Mp/ZGAotGe2mSuUX2qXtI=
20,-44,l07KaRH1+K2BYJ6WP8/dtYVbXRA=,fWqWONfuAEw6uTA6J9oDy9kYydw=
24,-44,Cm8gPwGAuKNFYJEK7pTRhnWTNvg=,cR7DD7Mp/ZGAotGe2mSuUX2qXtI=
25,-44,Cm8gPwGAuKNFYJEK7pTRhnWTNvg=,cR7DD7Mp/ZGAotGe2mSuUX2qXtI=
24,-43,l07KaRH1+K2BYJ6WP8/dtYVbXRA=,cR7DD7Mp/ZGAotGe2mSuUX2qXtI=
25,-43,l07KaRH1+K2BYJ6WP8/dtYVbXRA=,cR7DD7Mp/ZGAotGe2mSuUX2qXtI=
26,-43,Cm8gPwGAuKNFYJEK7pTRhnWTNvg=,cR7DD7Mp/ZGAotGe2mSuUX2qXtI=
26,-44,Cm8gPwGAuKNFYJEK7pTRhnWTNvg=,cR7DD7Mp/ZGAotGe2mSuUX2qXtI=
26,-38,Cm8gPwGAuKNFYJEK7pTRhnWTNvg=,j0TEwQLsGOnIzL5armbtfnPYdak=
26,-41,Cm8gPwGAuKNFYJEK7pTRhnWTNvg=,cR7DD7Mp/ZGAotGe2mSuUX2qXtI=
21,-44,l07KaRH1+K2BYJ6WP8/dtYVbXRA=,fWqWONfuAEw6uTA6J9oDy9kYydw=
22,-44,TBV0nfo0CzVTQslQUvvDhDkhFW8=,fWqWONfuAEw6uTA6J9oDy9kYydw=
20,-43,TBV0nfo0CzVTQslQUvvDhDkhFW8=,fWqWONfuAEw6uTA6J9oDy9kYydw=
21,-40,Cm8gPwGAuKNFYJEK7pTRhnWTNvg=,WkCo9ev7dT90uizY//CSITM8aeI=
21,-43,TBV0nfo0CzVTQslQUvvDhDkhFW8=,fWqWONfuAEw6uTA6J9oDy9kYydw=
22,-40,Cm8gPwGAuKNFYJEK7pTRhnWTNvg=,WkCo9ev7dT90uizY//CSITM8aeI=
24,-42,Cm8gPwGAuKNFYJEK7pTRhnWTNvg=,cR7DD7Mp/ZGAotGe2mSuUX2qXtI=
22,-43,Cm8gPwGAuKNFYJEK7pTRhnWTNvg=,fWqWONfuAEw6uTA6J9oDy9kYydw=
27,-43,Cm8gPwGAuKNFYJEK7pTRhnWTNvg=,cR7DD7Mp/ZGAotGe2mSuUX2qXtI=
24,-41,Cm8gPwGAuKNFYJEK7pTRhnWTNvg=,cR7DD7Mp/ZGAotGe2mSuUX2qXtI=
20,-39,Cm8gPwGAuKNFYJEK7pTRhnWTNvg=,WkCo9ev7dT90uizY//CSITM8aeI=
20,-42,TBV0nfo0CzVTQslQUvvDhDkhFW8=,fWqWONfuAEw6uTA6J9oDy9kYydw=
21,-41,TBV0nfo0CzVTQslQUvvDhDkhFW8=,fWqWONfuAEw6uTA6J9oDy9kYydw=
23,-42,Cm8gPwGAuKNFYJEK7pTRhnWTNvg=,fWqWONfuAEw6uTA6J9oDy9kYydw=
22,-41,Cm8gPwGAuKNFYJEK7pTRhnWTNvg=,fWqWONfuAEw6uTA6J9oDy9kYydw=
21,-42,Cm8gPwGAuKNFYJEK7pTRhnWTNvg=,fWqWONfuAEw6uTA6J9oDy9kYydw=
22,-42,LJMxP67F0yv4Pz/tCt4gAFSCk9g=,fWqWONfuAEw6uTA6J9oDy9kYydw=
27,-38,Cm8gPwGAuKNFYJEK7pTRhnWTNvg=,j0TEwQLsGOnIzL5armbtfnPYdak=
25,-41,Cm8gPwGAuKNFYJEK7pTRhnWTNvg=,cR7DD7Mp/ZGAotGe2mSuUX2qXtI=
20,-41,Cm8gPwGAuKNFYJEK7pTRhnWTNvg=,fWqWONfuAEw6uTA6J9oDy9kYydw=
23,-43,Cm8gPwGAuKNFYJEK7pTRhnWTNvg=,fWqWONfuAEw6uTA6J9oDy9kYydw=
22,-39,Cm8gPwGAuKNFYJEK7pTRhnWTNvg=,WkCo9ev7dT90uizY//CSITM8aeI=
22,-38,Cm8gPwGAuKNFYJEK7pTRhnWTNvg=,WkCo9ev7dT90uizY//CSITM8aeI=
21,-39,Cm8gPwGAuKNFYJEK7pTRhnWTNvg=,WkCo9ev7dT90uizY//CSITM8aeI=
20,-38,Cm8gPwGAuKNFYJEK7pTRhnWTNvg=,WkCo9ev7dT90uizY//CSITM8aeI=
23,-44,Cm8gPwGAuKNFYJEK7pTRhnWTNvg=,fWqWONfuAEw6uTA6J9oDy9kYydw=
20,-37,Cm8gPwGAuKNFYJEK7pTRhnWTNvg=,WkCo9ev7dT90uizY//CSITM8aeI=
21,-37,Cm8gPwGAuKNFYJEK7pTRhnWTNvg=,WkCo9ev7dT90uizY//CSITM8aeI=
27,-42,Cm8gPwGAuKNFYJEK7pTRhnWTNvg=,cR7DD7Mp/ZGAotGe2mSuUX2qXtI=
25,-38,Cm8gPwGAuKNFYJEK7pTRhnWTNvg=,j0TEwQLsGOnIzL5armbtfnPYdak=
21,-38,Cm8gPwGAuKNFYJEK7pTRhnWTNvg=,WkCo9ev7dT90uizY//CSITM8aeI=
25,-42,Cm8gPwGAuKNFYJEK7pTRhnWTNvg=,cR7DD7Mp/ZGAotGe2mSuUX2qXtI=
22,-37,Cm8gPwGAuKNFYJEK7pTRhnWTNvg=,WkCo9ev7dT90uizY//CSITM8aeI=
26,-39,Cm8gPwGAuKNFYJEK7pTRhnWTNvg=,j0TEwQLsGOnIzL5armbtfnPYdak=
24,-40,Cm8gPwGAuKNFYJEK7pTRhnWTNvg=,j0TEwQLsGOnIzL5armbtfnPYdak=
26,-42,Cm8gPwGAuKNFYJEK7pTRhnWTNvg=,cR7DD7Mp/ZGAotGe2mSuUX2qXtI=
26,-40,vP+mm5BlXpsWG75No2BAmrhUMi4=,j0TEwQLsGOnIzL5armbtfnPYdak=
25,-40,vP+mm5BlXpsWG75No2BAmrhUMi4=,j0TEwQLsGOnIzL5armbtfnPYdak=
24,-39,Cm8gPwGAuKNFYJEK7pTRhnWTNvg=,j0TEwQLsGOnIzL5armbtfnPYdak=
23,-40,Cm8gPwGAuKNFYJEK7pTRhnWTNvg=,WkCo9ev7dT90uizY//CSITM8aeI=
23,-39,Cm8gPwGAuKNFYJEK7pTRhnWTNvg=,WkCo9ev7dT90uizY//CSITM8aeI=
27,-40,vP+mm5BlXpsWG75No2BAmrhUMi4=,j0TEwQLsGOnIzL5armbtfnPYdak=
25,-37,Cm8gPwGAuKNFYJEK7pTRhnWTNvg=,j0TEwQLsGOnIzL5armbtfnPYdak=
24,-37,Cm8gPwGAuKNFYJEK7pTRhnWTNvg=,j0TEwQLsGOnIzL5armbtfnPYdak=
27,-39,Cm8gPwGAuKNFYJEK7pTRhnWTNvg=,j0TEwQLsGOnIzL5armbtfnPYdak=
27,-37,Cm8gPwGAuKNFYJEK7pTRhnWTNvg=,j0TEwQLsGOnIzL5armbtfnPYdak=
24,-38,Cm8gPwGAuKNFYJEK7pTRhnWTNvg=,j0TEwQLsGOnIzL5armbtfnPYdak=
26,-37,Cm8gPwGAuKNFYJEK7pTRhnWTNvg=,j0TEwQLsGOnIzL5armbtfnPYdak=
23,-38,Cm8gPwGAuKNFYJEK7pTRhnWTNvg=,WkCo9ev7dT90uizY//CSITM8aeI=
23,-37,Cm8gPwGAuKNFYJEK7pTRhnWTNvg=,WkCo9ev7dT90uizY//CSITM8aeI=
23,-33,Cm8gPwGAuKNFYJEK7pTRhnWTNvg=,WkCo9ev7dT90uizY//CSITM8aeI=
31,-40,Cm8gPwGAuKNFYJEK7pTRhnWTNvg=,j0TEwQLsGOnIzL5armbtfnPYdak=
23,-36,Cm8gPwGAuKNFYJEK7pTRhnWTNvg=,WkCo9ev7dT90uizY//CSITM8aeI=
31,-38,Cm8gPwGAuKNFYJEK7pTRhnWTNvg=,j0TEwQLsGOnIzL5armbtfnPYdak=
23,-34,Cm8gPwGAuKNFYJEK7pTRhnWTNvg=,WkCo9ev7dT90uizY//CSITM8aeI=
30,-36,Cm8gPwGAuKNFYJEK7pTRhnWTNvg=,j0TEwQLsGOnIzL5armbtfnPYdak=
27,-33,Cm8gPwGAuKNFYJEK7pTRhnWTNvg=,j0TEwQLsGOnIzL5armbtfnPYdak=
31,-39,Cm8gPwGAuKNFYJEK7pTRhnWTNvg=,j0TEwQLsGOnIzL5armbtfnPYdak=
28,-33,Cm8gPwGAuKNFYJEK7pTRhnWTNvg=,j0TEwQLsGOnIzL5armbtfnPYdak=
23,-35,Cm8gPwGAuKNFYJEK7pTRhnWTNvg=,WkCo9ev7dT90uizY//CSITM8aeI=
31,-37,Cm8gPwGAuKNFYJEK7pTRhnWTNvg=,j0TEwQLsGOnIzL5armbtfnPYdak=
22,-36,Cm8gPwGAuKNFYJEK7pTRhnWTNvg=,WkCo9ev7dT90uizY//CSITM8aeI=
29,-33,Cm8gPwGAuKNFYJEK7pTRhnWTNvg=,j0TEwQLsGOnIzL5armbtfnPYdak=
30,-39,Cm8gPwGAuKNFYJEK7pTRhnWTNvg=,j0TEwQLsGOnIzL5armbtfnPYdak=
23,-48,Cm8gPwGAuKNFYJEK7pTRhnWTNvg=,fWqWONfuAEw6uTA6J9oDy9kYydw=
21,-36,Cm8gPwGAuKNFYJEK7pTRhnWTNvg=,WkCo9ev7dT90uizY//CSITM8aeI=
30,-33,Cm8gPwGAuKNFYJEK7pTRhnWTNvg=,j0TEwQLsGOnIzL5armbtfnPYdak=
29,-40,Cm8gPwGAuKNFYJEK7pTRhnWTNvg=,j0TEwQLsGOnIzL5armbtfnPYdak=
22,-48,Cm8gPwGAuKNFYJEK7pTRhnWTNvg=,fWqWONfuAEw6uTA6J9oDy9kYydw=
20,-36,Cm8gPwGAuKNFYJEK7pTRhnWTNvg=,WkCo9ev7dT90uizY//CSITM8aeI=
31,-33,Cm8gPwGAuKNFYJEK7pTRhnWTNvg=,j0TEwQLsGOnIzL5armbtfnPYdak=
24,-35,Cm8gPwGAuKNFYJEK7pTRhnWTNvg=,j0TEwQLsGOnIzL5armbtfnPYdak=
29,-39,Cm8gPwGAuKNFYJEK7pTRhnWTNvg=,j0TEwQLsGOnIzL5armbtfnPYdak=
16,-42,Cm8gPwGAuKNFYJEK7pTRhnWTNvg=,fWqWONfuAEw6uTA6J9oDy9kYydw=
26,-33,Cm8gPwGAuKNFYJEK7pTRhnWTNvg=,j0TEwQLsGOnIzL5armbtfnPYdak=
28,-38,Cm8gPwGAuKNFYJEK7pTRhnWTNvg=,j0TEwQLsGOnIzL5armbtfnPYdak=
30,-35,Cm8gPwGAuKNFYJEK7pTRhnWTNvg=,j0TEwQLsGOnIzL5armbtfnPYdak=
29,-37,Cm8gPwGAuKNFYJEK7pTRhnWTNvg=,j0TEwQLsGOnIzL5armbtfnPYdak=
28,-40,Cm8gPwGAuKNFYJEK7pTRhnWTNvg=,j0TEwQLsGOnIzL5armbtfnPYdak=
28,-37,Cm8gPwGAuKNFYJEK7pTRhnWTNvg=,j0TEwQLsGOnIzL5armbtfnPYdak=
25,-35,Cm8gPwGAuKNFYJEK7pTRhnWTNvg=,j0TEwQLsGOnIzL5armbtfnPYdak=
21,-48,Cm8gPwGAuKNFYJEK7pTRhnWTNvg=,fWqWONfuAEw6uTA6J9oDy9kYydw=
20,-47,Cm8gPwGAuKNFYJEK7pTRhnWTNvg=,fWqWONfuAEw6uTA6J9oDy9kYydw=
16,-33,Cm8gPwGAuKNFYJEK7pTRhnWTNvg=,WkCo9ev7dT90uizY//CSITM8aeI=
22,-33,Cm8gPwGAuKNFYJEK7pTRhnWTNvg=,WkCo9ev7dT90uizY//CSITM8aeI=
20,-45,Cm8gPwGAuKNFYJEK7pTRhnWTNvg=,fWqWONfuAEw6uTA6J9oDy9kYydw=
22,-47,Cm8gPwGAuKNFYJEK7pTRhnWTNvg=,fWqWONfuAEw6uTA6J9oDy9kYydw=
17,-34,Cm8gPwGAuKNFYJEK7pTRhnWTNvg=,WkCo9ev7dT90uizY//CSITM8aeI=
20,-46,Cm8gPwGAuKNFYJEK7pTRhnWTNvg=,fWqWONfuAEw6uTA6J9oDy9kYydw=
21,-47,Cm8gPwGAuKNFYJEK7pTRhnWTNvg=,fWqWONfuAEw6uTA6J9oDy9kYydw=
21,-46,Cm8gPwGAuKNFYJEK7pTRhnWTNvg=,fWqWONfuAEw6uTA6J9oDy9kYydw=
22,-46,Cm8gPwGAuKNFYJEK7pTRhnWTNvg=,fWqWONfuAEw6uTA6J9oDy9kYydw=
31,-41,Cm8gPwGAuKNFYJEK7pTRhnWTNvg=,cR7DD7Mp/ZGAotGe2mSuUX2qXtI=
29,-47,Cm8gPwGAuKNFYJEK7pTRhnWTNvg=,cR7DD7Mp/ZGAotGe2mSuUX2qXtI=
30,-47,Cm8gPwGAuKNFYJEK7pTRhnWTNvg=,cR7DD7Mp/ZGAotGe2mSuUX2qXtI=
16,-43,Cm8gPwGAuKNFYJEK7pTRhnWTNvg=,fWqWONfuAEw6uTA6J9oDy9kYydw=
30,-37,Cm8gPwGAuKNFYJEK7pTRhnWTNvg=,j0TEwQLsGOnIzL5armbtfnPYdak=
25,-33,Cm8gPwGAuKNFYJEK7pTRhnWTNvg=,j0TEwQLsGOnIzL5armbtfnPYdak=
30,-38,Cm8gPwGAuKNFYJEK7pTRhnWTNvg=,j0TEwQLsGOnIzL5armbtfnPYdak=
30,-40,Cm8gPwGAuKNFYJEK7pTRhnWTNvg=,j0TEwQLsGOnIzL5armbtfnPYdak=
21,-45,Cm8gPwGAuKNFYJEK7pTRhnWTNvg=,fWqWONfuAEw6uTA6J9oDy9kYydw=
22,-45,Cm8gPwGAuKNFYJEK7pTRhnWTNvg=,fWqWONfuAEw6uTA6J9oDy9kYydw=
16,-48,Cm8gPwGAuKNFYJEK7pTRhnWTNvg=,fWqWONfuAEw6uTA6J9oDy9kYydw=
24,-48,Cm8gPwGAuKNFYJEK7pTRhnWTNvg=,cR7DD7Mp/ZGAotGe2mSuUX2qXtI=
16,-35,Cm8gPwGAuKNFYJEK7pTRhnWTNvg=,WkCo9ev7dT90uizY//CSITM8aeI=
19,-34,Cm8gPwGAuKNFYJEK7pTRhnWTNvg=,WkCo9ev7dT90uizY//CSITM8aeI=
28,-47,Cm8gPwGAuKNFYJEK7pTRhnWTNvg=,cR7DD7Mp/ZGAotGe2mSuUX2qXtI=
17,-47,Cm8gPwGAuKNFYJEK7pTRhnWTNvg=,fWqWONfuAEw6uTA6J9oDy9kYydw=
28,-46,Cm8gPwGAuKNFYJEK7pTRhnWTNvg=,cR7DD7Mp/ZGAotGe2mSuUX2qXtI=
16,-44,Cm8gPwGAuKNFYJEK7pTRhnWTNvg=,fWqWONfuAEw6uTA6J9oDy9kYydw=
17,-33,Cm8gPwGAuKNFYJEK7pTRhnWTNvg=,WkCo9ev7dT90uizY//CSITM8aeI=
29,-38,Cm8gPwGAuKNFYJEK7pTRhnWTNvg=,j0TEwQLsGOnIzL5armbtfnPYdak=
21,-33,Cm8gPwGAuKNFYJEK7pTRhnWTNvg=,WkCo9ev7dT90uizY//CSITM8aeI=
19,-33,Cm8gPwGAuKNFYJEK7pTRhnWTNvg=,WkCo9ev7dT90uizY//CSITM8aeI=
18,-34,Cm8gPwGAuKNFYJEK7pTRhnWTNvg=,WkCo9ev7dT90uizY//CSITM8aeI=
18,-33,Cm8gPwGAuKNFYJEK7pTRhnWTNvg=,WkCo9ev7dT90uizY//CSITM8aeI=
17,-36,Cm8gPwGAuKNFYJEK7pTRhnWTNvg=,WkCo9ev7dT90uizY//CSITM8aeI=
28,-39,Cm8gPwGAuKNFYJEK7pTRhnWTNvg=,j0TEwQLsGOnIzL5armbtfnPYdak=
29,-46,Cm8gPwGAuKNFYJEK7pTRhnWTNvg=,cR7DD7Mp/ZGAotGe2mSuUX2qXtI=
25,-47,Cm8gPwGAuKNFYJEK7pTRhnWTNvg=,cR7DD7Mp/ZGAotGe2mSuUX2qXtI=
24,-33,Cm8gPwGAuKNFYJEK7pTRhnWTNvg=,j0TEwQLsGOnIzL5armbtfnPYdak=
24,-36,Cm8gPwGAuKNFYJEK7pTRhnWTNvg=,j0TEwQLsGOnIzL5armbtfnPYdak=
24,-47,Cm8gPwGAuKNFYJEK7pTRhnWTNvg=,cR7DD7Mp/ZGAotGe2mSuUX2qXtI=
18,-47,Cm8gPwGAuKNFYJEK7pTRhnWTNvg=,fWqWONfuAEw6uTA6J9oDy9kYydw=
31,-42,Cm8gPwGAuKNFYJEK7pTRhnWTNvg=,cR7DD7Mp/ZGAotGe2mSuUX2qXtI=
20,-48,Cm8gPwGAuKNFYJEK7pTRhnWTNvg=,fWqWONfuAEw6uTA6J9oDy9kYydw=
19,-47,Cm8gPwGAuKNFYJEK7pTRhnWTNvg=,fWqWONfuAEw6uTA6J9oDy9kYydw=
17,-46,Cm8gPwGAuKNFYJEK7pTRhnWTNvg=,fWqWONfuAEw6uTA6J9oDy9kYydw=
16,-40,Cm8gPwGAuKNFYJEK7pTRhnWTNvg=,WkCo9ev7dT90uizY//CSITM8aeI=
18,-36,Cm8gPwGAuKNFYJEK7pTRhnWTNvg=,WkCo9ev7dT90uizY//CSITM8aeI=
18,-46,Cm8gPwGAuKNFYJEK7pTRhnWTNvg=,fWqWONfuAEw6uTA6J9oDy9kYydw=
25,-36,Cm8gPwGAuKNFYJEK7pTRhnWTNvg=,j0TEwQLsGOnIzL5armbtfnPYdak=
19,-46,Cm8gPwGAuKNFYJEK7pTRhnWTNvg=,fWqWONfuAEw6uTA6J9oDy9kYydw=
31,-34,Cm8gPwGAuKNFYJEK7pTRhnWTNvg=,j0TEwQLsGOnIzL5armbtfnPYdak=
17,-45,Cm8gPwGAuKNFYJEK7pTRhnWTNvg=,fWqWONfuAEw6uTA6J9oDy9kYydw=
16,-36,Cm8gPwGAuKNFYJEK7pTRhnWTNvg=,WkCo9ev7dT90uizY//CSITM8aeI=
24,-46,Cm8gPwGAuKNFYJEK7pTRhnWTNvg=,cR7DD7Mp/ZGAotGe2mSuUX2qXtI=
30,-46,Cm8gPwGAuKNFYJEK7pTRhnWTNvg=,cR7DD7Mp/ZGAotGe2mSuUX2qXtI=
26,-47,Cm8gPwGAuKNFYJEK7pTRhnWTNvg=,cR7DD7Mp/ZGAotGe2mSuUX2qXtI=
18,-45,Cm8gPwGAuKNFYJEK7pTRhnWTNvg=,fWqWONfuAEw6uTA6J9oDy9kYydw=
27,-48,Cm8gPwGAuKNFYJEK7pTRhnWTNvg=,cR7DD7Mp/ZGAotGe2mSuUX2qXtI=
19,-36,Cm8gPwGAuKNFYJEK7pTRhnWTNvg=,WkCo9ev7dT90uizY//CSITM8aeI=
27,-47,Cm8gPwGAuKNFYJEK7pTRhnWTNvg=,cR7DD7Mp/ZGAotGe2mSuUX2qXtI=
17,-35,Cm8gPwGAuKNFYJEK7pTRhnWTNvg=,WkCo9ev7dT90uizY//CSITM8aeI=
27,-46,Cm8gPwGAuKNFYJEK7pTRhnWTNvg=,cR7DD7Mp/ZGAotGe2mSuUX2qXtI=
26,-46,Cm8gPwGAuKNFYJEK7pTRhnWTNvg=,cR7DD7Mp/ZGAotGe2mSuUX2qXtI=
18,-44,Cm8gPwGAuKNFYJEK7pTRhnWTNvg=,fWqWONfuAEw6uTA6J9oDy9kYydw=
19,-44,Cm8gPwGAuKNFYJEK7pTRhnWTNvg=,fWqWONfuAEw6uTA6J9oDy9kYydw=
25,-46,Cm8gPwGAuKNFYJEK7pTRhnWTNvg=,cR7DD7Mp/ZGAotGe2mSuUX2qXtI=
17,-44,Cm8gPwGAuKNFYJEK7pTRhnWTNvg=,fWqWONfuAEw6uTA6J9oDy9kYydw=
19,-35,Cm8gPwGAuKNFYJEK7pTRhnWTNvg=,WkCo9ev7dT90uizY//CSITM8aeI=
16,-45,Cm8gPwGAuKNFYJEK7pTRhnWTNvg=,fWqWONfuAEw6uTA6J9oDy9kYydw=
20,-33,Cm8gPwGAuKNFYJEK7pTRhnWTNvg=,WkCo9ev7dT90uizY//CSITM8aeI=
31,-35,Cm8gPwGAuKNFYJEK7pTRhnWTNvg=,j0TEwQLsGOnIzL5armbtfnPYdak=
17,-43,Cm8gPwGAuKNFYJEK7pTRhnWTNvg=,fWqWONfuAEw6uTA6J9oDy9kYydw=
26,-48,Cm8gPwGAuKNFYJEK7pTRhnWTNvg=,cR7DD7Mp/ZGAotGe2mSuUX2qXtI=
18,-35,Cm8gPwGAuKNFYJEK7pTRhnWTNvg=,WkCo9ev7dT90uizY//CSITM8aeI=
16,-34,Cm8gPwGAuKNFYJEK7pTRhnWTNvg=,WkCo9ev7dT90uizY//CSITM8aeI=
31,-43,Cm8gPwGAuKNFYJEK7pTRhnWTNvg=,cR7DD7Mp/ZGAotGe2mSuUX2qXtI=
23,-47,Cm8gPwGAuKNFYJEK7pTRhnWTNvg=,fWqWONfuAEw6uTA6J9oDy9kYydw=
18,-43,Cm8gPwGAuKNFYJEK7pTRhnWTNvg=,fWqWONfuAEw6uTA6J9oDy9kYydw=
26,-36,Cm8gPwGAuKNFYJEK7pTRhnWTNvg=,j0TEwQLsGOnIzL5armbtfnPYdak=
19,-43,Cm8gPwGAuKNFYJEK7pTRhnWTNvg=,fWqWONfuAEw6uTA6J9oDy9kYydw=
20,-35,Cm8gPwGAuKNFYJEK7pTRhnWTNvg=,WkCo9ev7dT90uizY//CSITM8aeI=
19,-45,Cm8gPwGAuKNFYJEK7pTRhnWTNvg=,fWqWONfuAEw6uTA6J9oDy9kYydw=
29,-45,Cm8gPwGAuKNFYJEK7pTRhnWTNvg=,cR7DD7Mp/ZGAotGe2mSuUX2qXtI=
28,-45,Cm8gPwGAuKNFYJEK7pTRhnWTNvg=,cR7DD7Mp/ZGAotGe2mSuUX2qXtI=
17,-42,Cm8gPwGAuKNFYJEK7pTRhnWTNvg=,fWqWONfuAEw6uTA6J9oDy9kYydw=
31,-36,Cm8gPwGAuKNFYJEK7pTRhnWTNvg=,j0TEwQLsGOnIzL5armbtfnPYdak=
26,-35,Cm8gPwGAuKNFYJEK7pTRhnWTNvg=,j0TEwQLsGOnIzL5armbtfnPYdak=
16,-46,Cm8gPwGAuKNFYJEK7pTRhnWTNvg=,fWqWONfuAEw6uTA6J9oDy9kYydw=
18,-42,Cm8gPwGAuKNFYJEK7pTRhnWTNvg=,fWqWONfuAEw6uTA6J9oDy9kYydw=
21,-35,Cm8gPwGAuKNFYJEK7pTRhnWTNvg=,WkCo9ev7dT90uizY//CSITM8aeI=
22,-35,Cm8gPwGAuKNFYJEK7pTRhnWTNvg=,WkCo9ev7dT90uizY//CSITM8aeI=
25,-48,Cm8gPwGAuKNFYJEK7pTRhnWTNvg=,cR7DD7Mp/ZGAotGe2mSuUX2qXtI=
20,-34,Cm8gPwGAuKNFYJEK7pTRhnWTNvg=,WkCo9ev7dT90uizY//CSITM8aeI=
22,-34,Cm8gPwGAuKNFYJEK7pTRhnWTNvg=,WkCo9ev7dT90uizY//CSITM8aeI=
21,-34,Cm8gPwGAuKNFYJEK7pTRhnWTNvg=,WkCo9ev7dT90uizY//CSITM8aeI=
30,-45,Cm8gPwGAuKNFYJEK7pTRhnWTNvg=,cR7DD7Mp/ZGAotGe2mSuUX2qXtI=
27,-36,Cm8gPwGAuKNFYJEK7pTRhnWTNvg=,j0TEwQLsGOnIzL5armbtfnPYdak=
18,-41,Cm8gPwGAuKNFYJEK7pTRhnWTNvg=,fWqWONfuAEw6uTA6J9oDy9kYydw=
19,-42,Cm8gPwGAuKNFYJEK7pTRhnWTNvg=,fWqWONfuAEw6uTA6J9oDy9kYydw=
19,-41,Cm8gPwGAuKNFYJEK7pTRhnWTNvg=,fWqWONfuAEw6uTA6J9oDy9kYydw=
25,-45,Cm8gPwGAuKNFYJEK7pTRhnWTNvg=,cR7DD7Mp/ZGAotGe2mSuUX2qXtI=
17,-41,Cm8gPwGAuKNFYJEK7pTRhnWTNvg=,fWqWONfuAEw6uTA6J9oDy9kYydw=
24,-45,Cm8gPwGAuKNFYJEK7pTRhnWTNvg=,cR7DD7Mp/ZGAotGe2mSuUX2qXtI=
26,-45,Cm8gPwGAuKNFYJEK7pTRhnWTNvg=,cR7DD7Mp/ZGAotGe2mSuUX2qXtI=
27,-35,Cm8gPwGAuKNFYJEK7pTRhnWTNvg=,j0TEwQLsGOnIzL5armbtfnPYdak=
31,-44,Cm8gPwGAuKNFYJEK7pTRhnWTNvg=,cR7DD7Mp/ZGAotGe2mSuUX2qXtI=
16,-41,Cm8gPwGAuKNFYJEK7pTRhnWTNvg=,fWqWONfuAEw6uTA6J9oDy9kYydw=
27,-45,Cm8gPwGAuKNFYJEK7pTRhnWTNvg=,cR7DD7Mp/ZGAotGe2mSuUX2qXtI=
28,-35,Cm8gPwGAuKNFYJEK7pTRhnWTNvg=,j0TEwQLsGOnIzL5armbtfnPYdak=
23,-46,Cm8gPwGAuKNFYJEK7pTRhnWTNvg=,fWqWONfuAEw6uTA6J9oDy9kYydw=
28,-36,Cm8gPwGAuKNFYJEK7pTRhnWTNvg=,j0TEwQLsGOnIzL5armbtfnPYdak=
17,-39,Cm8gPwGAuKNFYJEK7pTRhnWTNvg=,WkCo9ev7dT90uizY//CSITM8aeI=
18,-40,Cm8gPwGAuKNFYJEK7pTRhnWTNvg=,WkCo9ev7dT90uizY//CSITM8aeI=
17,-40,Cm8gPwGAuKNFYJEK7pTRhnWTNvg=,WkCo9ev7dT90uizY//CSITM8aeI=
30,-34,Cm8gPwGAuKNFYJEK7pTRhnWTNvg=,j0TEwQLsGOnIzL5armbtfnPYdak=
19,-40,Cm8gPwGAuKNFYJEK7pTRhnWTNvg=,WkCo9ev7dT90uizY//CSITM8aeI=
18,-39,Cm8gPwGAuKNFYJEK7pTRhnWTNvg=,WkCo9ev7dT90uizY//CSITM8aeI=
29,-36,Cm8gPwGAuKNFYJEK7pTRhnWTNvg=,j0TEwQLsGOnIzL5armbtfnPYdak=
29,-34,Cm8gPwGAuKNFYJEK7pTRhnWTNvg=,j0TEwQLsGOnIzL5armbtfnPYdak=
19,-39,Cm8gPwGAuKNFYJEK7pTRhnWTNvg=,WkCo9ev7dT90uizY//CSITM8aeI=
17,-38,Cm8gPwGAuKNFYJEK7pTRhnWTNvg=,WkCo9ev7dT90uizY//CSITM8aeI=
18,-38,Cm8gPwGAuKNFYJEK7pTRhnWTNvg=,WkCo9ev7dT90uizY//CSITM8aeI=
19,-38,Cm8gPwGAuKNFYJEK7pTRhnWTNvg=,WkCo9ev7dT90uizY//CSITM8aeI=
18,-37,Cm8gPwGAuKNFYJEK7pTRhnWTNvg=,WkCo9ev7dT90uizY//CSITM8aeI=
19,-37,Cm8gPwGAuKNFYJEK7pTRhnWTNvg=,WkCo9ev7dT90uizY//CSITM8aeI=
17,-37,Cm8gPwGAuKNFYJEK7pTRhnWTNvg=,WkCo9ev7dT90uizY//CSITM8aeI=
23,-45,Cm8gPwGAuKNFYJEK7pTRhnWTNvg=,fWqWONfuAEw6uTA6J9oDy9kYydw=
16,-47,Cm8gPwGAuKNFYJEK7pTRhnWTNvg=,fWqWONfuAEw6uTA6J9oDy9kYydw=
16,-39,Cm8gPwGAuKNFYJEK7pTRhnWTNvg=,WkCo9ev7dT90uizY//CSITM8aeI=
24,-34,Cm8gPwGAuKNFYJEK7pTRhnWTNvg=,j0TEwQLsGOnIzL5armbtfnPYdak=
28,-44,Cm8gPwGAuKNFYJEK7pTRhnWTNvg=,cR7DD7Mp/ZGAotGe2mSuUX2qXtI=
16,-38,Cm8gPwGAuKNFYJEK7pTRhnWTNvg=,WkCo9ev7dT90uizY//CSITM8aeI=
17,-48,Cm8gPwGAuKNFYJEK7pTRhnWTNvg=,fWqWONfuAEw6uTA6J9oDy9kYydw=
28,-34,Cm8gPwGAuKNFYJEK7pTRhnWTNvg=,j0TEwQLsGOnIzL5armbtfnPYdak=
16,-37,Cm8gPwGAuKNFYJEK7pTRhnWTNvg=,WkCo9ev7dT90uizY//CSITM8aeI=
19,-48,Cm8gPwGAuKNFYJEK7pTRhnWTNvg=,fWqWONfuAEw6uTA6J9oDy9kYydw=
18,-48,Cm8gPwGAuKNFYJEK7pTRhnWTNvg=,fWqWONfuAEw6uTA6J9oDy9kYydw=
31,-45,Cm8gPwGAuKNFYJEK7pTRhnWTNvg=,cR7DD7Mp/ZGAotGe2mSuUX2qXtI=
27,-34,Cm8gPwGAuKNFYJEK7pTRhnWTNvg=,j0TEwQLsGOnIzL5armbtfnPYdak=
29,-44,Cm8gPwGAuKNFYJEK7pTRhnWTNvg=,cR7DD7Mp/ZGAotGe2mSuUX2qXtI=
29,-43,Cm8gPwGAuKNFYJEK7pTRhnWTNvg=,cR7DD7Mp/ZGAotGe2mSuUX2qXtI=
25,-34,Cm8gPwGAuKNFYJEK7pTRhnWTNvg=,j0TEwQLsGOnIzL5armbtfnPYdak=
28,-43,Cm8gPwGAuKNFYJEK7pTRhnWTNvg=,cR7DD7Mp/ZGAotGe2mSuUX2qXtI=
30,-44,Cm8gPwGAuKNFYJEK7pTRhnWTNvg=,cR7DD7Mp/ZGAotGe2mSuUX2qXtI=
28,-42,Cm8gPwGAuKNFYJEK7pTRhnWTNvg=,cR7DD7Mp/ZGAotGe2mSuUX2qXtI=
30,-43,Cm8gPwGAuKNFYJEK7pTRhnWTNvg=,cR7DD7Mp/ZGAotGe2mSuUX2qXtI=
30,-42,Cm8gPwGAuKNFYJEK7pTRhnWTNvg=,cR7DD7Mp/ZGAotGe2mSuUX2qXtI=
29,-42,Cm8gPwGAuKNFYJEK7pTRhnWTNvg=,cR7DD7Mp/ZGAotGe2mSuUX2qXtI=
26,-34,Cm8gPwGAuKNFYJEK7pTRhnWTNvg=,j0TEwQLsGOnIzL5armbtfnPYdak=
28,-41,Cm8gPwGAuKNFYJEK7pTRhnWTNvg=,cR7DD7Mp/ZGAotGe2mSuUX2qXtI=
29,-41,Cm8gPwGAuKNFYJEK7pTRhnWTNvg=,cR7DD7Mp/ZGAotGe2mSuUX2qXtI=
30,-41,Cm8gPwGAuKNFYJEK7pTRhnWTNvg=,cR7DD7Mp/ZGAotGe2mSuUX2qXtI=
30,-48,Cm8gPwGAuKNFYJEK7pTRhnWTNvg=,cR7DD7Mp/ZGAotGe2mSuUX2qXtI=
29,-35,Cm8gPwGAuKNFYJEK7pTRhnWTNvg=,j0TEwQLsGOnIzL5armbtfnPYdak=
31,-46,Cm8gPwGAuKNFYJEK7pTRhnWTNvg=,cR7DD7Mp/ZGAotGe2mSuUX2qXtI=
29,-48,Cm8gPwGAuKNFYJEK7pTRhnWTNvg=,cR7DD7Mp/ZGAotGe2mSuUX2qXtI=
28,-48,Cm8gPwGAuKNFYJEK7pTRhnWTNvg=,cR7DD7Mp/ZGAotGe2mSuUX2qXtI=
31,-47,Cm8gPwGAuKNFYJEK7pTRhnWTNvg=,cR7DD7Mp/ZGAotGe2mSuUX2qXtI=
31,-48,Cm8gPwGAuKNFYJEK7pTRhnWTNvg=,cR7DD7Mp/ZGAotGe2mSuUX2qXtI=
23,-58,3o5VA1E13yfQoBLJMXfn6S20zKk=,V2zj5aTXSHYj0773kCIkla6swUY=
23,-59,N5q4VmJuF1aRhLn3H32Nh47yF6k=,V2zj5aTXSHYj0773kCIkla6swUY=
31,-61,3o5VA1E13yfQoBLJMXfn6S20zKk=,V2zj5aTXSHYj0773kCIkla6swUY=
28,-63,3o5VA1E13yfQoBLJMXfn6S20zKk=,V2zj5aTXSHYj0773kCIkla6swUY=
30,-63,3o5VA1E13yfQoBLJMXfn6S20zKk=,V2zj5aTXSHYj0773kCIkla6swUY=
29,-63,3o5VA1E13yfQoBLJMXfn6S20zKk=,V2zj5aTXSHYj0773kCIkla6swUY=
31,-64,3o5VA1E13yfQoBLJMXfn6S20zKk=,V2zj5aTXSHYj0773kCIkla6swUY=
28,-62,3o5VA1E13yfQoBLJMXfn6S20zKk=,V2zj5aTXSHYj0773kCIkla6swUY=
20,-50,3o5VA1E13yfQoBLJMXfn6S20zKk=,hc4BF6FB5MRmvP25xOVgPNFZDk0=
31,-62,3o5VA1E13yfQoBLJMXfn6S20zKk=,V2zj5aTXSHYj0773kCIkla6swUY=
21,-50,3o5VA1E13yfQoBLJMXfn6S20zKk=,hc4BF6FB5MRmvP25xOVgPNFZDk0=
29,-62,3o5VA1E13yfQoBLJMXfn6S20zKk=,V2zj5aTXSHYj0773kCIkla6swUY=
24,-52,3o5VA1E13yfQoBLJMXfn6S20zKk=,XSCV+nblnnda8IGUT5UpblRb1dg=
22,-50,3o5VA1E13yfQoBLJMXfn6S20zKk=,hc4BF6FB5MRmvP25xOVgPNFZDk0=
23,-57,3o5VA1E13yfQoBLJMXfn6S20zKk=,V2zj5aTXSHYj0773kCIkla6swUY=
28,-64,3o5VA1E13yfQoBLJMXfn6S20zKk=,V2zj5aTXSHYj0773kCIkla6swUY=
30,-62,3o5VA1E13yfQoBLJMXfn6S20zKk=,V2zj5aTXSHYj0773kCIkla6swUY=
30,-64,3o5VA1E13yfQoBLJMXfn6S20zKk=,V2zj5aTXSHYj0773kCIkla6swUY=
25,-52,3o5VA1E13yfQoBLJMXfn6S20zKk=,XSCV+nblnnda8IGUT5UpblRb1dg=
29,-64,3o5VA1E13yfQoBLJMXfn6S20zKk=,V2zj5aTXSHYj0773kCIkla6swUY=
26,-60,Yo1j2AzLgZiMyoX3+xMVVPyEE4U=,V2zj5aTXSHYj0773kCIkla6swUY=
25,-60,Yo1j2AzLgZiMyoX3+xMVVPyEE4U=,V2zj5aTXSHYj0773kCIkla6swUY=
24,-57,be6Y2E8dTlarjCf5fKzjyEH45L4=,V2zj5aTXSHYj0773kCIkla6swUY=
30,-61,3o5VA1E13yfQoBLJMXfn6S20zKk=,V2zj5aTXSHYj0773kCIkla6swUY=
28,-60,3o5VA1E13yfQoBLJMXfn6S20zKk=,V2zj5aTXSHYj0773kCIkla6swUY=
29,-61,3o5VA1E13yfQoBLJMXfn6S20zKk=,V2zj5aTXSHYj0773kCIkla6swUY=
31,-63,3o5VA1E13yfQoBLJMXfn6S20zKk=,V2zj5aTXSHYj0773kCIkla6swUY=
24,-60,3o5VA1E13yfQoBLJMXfn6S20zKk=,V2zj5aTXSHYj0773kCIkla6swUY=
28,-61,3o5VA1E13yfQoBLJMXfn6S20zKk=,V2zj5aTXSHYj0773kCIkla6swUY=
28,-50,3o5VA1E13yfQoBLJMXfn6S20zKk=,XSCV+nblnnda8IGUT5UpblRb1dg=
25,-57,3o5VA1E13yfQoBLJMXfn6S20zKk=,V2zj5aTXSHYj0773kCIkla6swUY=
23,-53,3o5VA1E13yfQoBLJMXfn6S20zKk=,hc4BF6FB5MRmvP25xOVgPNFZDk0=
27,-60,3o5VA1E13yfQoBLJMXfn6S20zKk=,V2zj5aTXSHYj0773kCIkla6swUY=
27,-50,3o5VA1E13yfQoBLJMXfn6S20zKk=,XSCV+nblnnda8IGUT5UpblRb1dg=
26,-57,3o5VA1E13yfQoBLJMXfn6S20zKk=,V2zj5aTXSHYj0773kCIkla6swUY=
26,-50,3o5VA1E13yfQoBLJMXfn6S20zKk=,XSCV+nblnnda8IGUT5UpblRb1dg=
20,-49,3o5VA1E13yfQoBLJMXfn6S20zKk=,hc4BF6FB5MRmvP25xOVgPNFZDk0=
21,-49,3o5VA1E13yfQoBLJMXfn6S20zKk=,hc4BF6FB5MRmvP25xOVgPNFZDk0=
22,-49,3o5VA1E13yfQoBLJMXfn6S20zKk=,hc4BF6FB5MRmvP25xOVgPNFZDk0=
30,-60,3o5VA1E13yfQoBLJMXfn6S20zKk=,V2zj5aTXSHYj0773kCIkla6swUY=
20,-55,N5q4VmJuF1aRhLn3H32Nh47yF6k=,hc4BF6FB5MRmvP25xOVgPNFZDk0=
16,-57,3o5VA1E13yfQoBLJMXfn6S20zKk=,V2zj5aTXSHYj0773kCIkla6swUY=
21,-55,3o5VA1E13yfQoBLJMXfn6S20zKk=,hc4BF6FB5MRmvP25xOVgPNFZDk0=
22,-55,3o5VA1E13yfQoBLJMXfn6S20zKk=,hc4BF6FB5MRmvP25xOVgPNFZDk0=
20,-60,3o5VA1E13yfQoBLJMXfn6S20zKk=,V2zj5aTXSHYj0773kCIkla6swUY=
29,-60,3o5VA1E13yfQoBLJMXfn6S20zKk=,V2zj5aTXSHYj0773kCIkla6swUY=
21,-60,3o5VA1E13yfQoBLJMXfn6S20zKk=,V2zj5aTXSHYj0773kCIkla6swUY=
26,-52,3o5VA1E13yfQoBLJMXfn6S20zKk=,XSCV+nblnnda8IGUT5UpblRb1dg=
22,-60,3o5VA1E13yfQoBLJMXfn6S20zKk=,V2zj5aTXSHYj0773kCIkla6swUY=
27,-57,3o5VA1E13yfQoBLJMXfn6S20zKk=,V2zj5aTXSHYj0773kCIkla6swUY=
24,-59,3o5VA1E13yfQoBLJMXfn6S20zKk=,V2zj5aTXSHYj0773kCIkla6swUY=
20,-59,3o5VA1E13yfQoBLJMXfn6S20zKk=,V2zj5aTXSHYj0773kCIkla6swUY=
24,-55,3o5VA1E13yfQoBLJMXfn6S20zKk=,XSCV+nblnnda8IGUT5UpblRb1dg=
26,-59,3o5VA1E13yfQoBLJMXfn6S20zKk=,V2zj5aTXSHYj0773kCIkla6swUY=
16,-58,3o5VA1E13yfQoBLJMXfn6S20zKk=,V2zj5aTXSHYj0773kCIkla6swUY=
25,-59,3o5VA1E13yfQoBLJMXfn6S20zKk=,V2zj5aTXSHYj0773kCIkla6swUY=
21,-54,3o5VA1E13yfQoBLJMXfn6S20zKk=,hc4BF6FB5MRmvP25xOVgPNFZDk0=
20,-54,3o5VA1E13yfQoBLJMXfn6S20zKk=,hc4BF6FB5MRmvP25xOVgPNFZDk0=
23,-52,3o5VA1E13yfQoBLJMXfn6S20zKk=,hc4BF6FB5MRmvP25xOVgPNFZDk0=
29,-59,3o5VA1E13yfQoBLJMXfn6S20zKk=,V2zj5aTXSHYj0773kCIkla6swUY=
28,-57,3o5VA1E13yfQoBLJMXfn6S20zKk=,V2zj5aTXSHYj0773kCIkla6swUY=
28,-59,3o5VA1E13yfQoBLJMXfn6S20zKk=,V2zj5aTXSHYj0773kCIkla6swUY=
22,-54,3o5VA1E13yfQoBLJMXfn6S20zKk=,hc4BF6FB5MRmvP25xOVgPNFZDk0=
30,-59,3o5VA1E13yfQoBLJMXfn6S20zKk=,V2zj5aTXSHYj0773kCIkla6swUY=
16,-59,3o5VA1E13yfQoBLJMXfn6S20zKk=,V2zj5aTXSHYj0773kCIkla6swUY=
20,-53,3o5VA1E13yfQoBLJMXfn6S20zKk=,hc4BF6FB5MRmvP25xOVgPNFZDk0=
21,-59,N5q4VmJuF1aRhLn3H32Nh47yF6k=,V2zj5aTXSHYj0773kCIkla6swUY=
25,-55,3o5VA1E13yfQoBLJMXfn6S20zKk=,XSCV+nblnnda8IGUT5UpblRb1dg=
27,-59,3o5VA1E13yfQoBLJMXfn6S20zKk=,V2zj5aTXSHYj0773kCIkla6swUY=
22,-53,3o5VA1E13yfQoBLJMXfn6S20zKk=,hc4BF6FB5MRmvP25xOVgPNFZDk0=
29,-57,3o5VA1E13yfQoBLJMXfn6S20zKk=,V2zj5aTXSHYj0773kCIkla6swUY=
21,-53,3o5VA1E13yfQoBLJMXfn6S20zKk=,hc4BF6FB5MRmvP25xOVgPNFZDk0=
21,-51,3o5VA1E13yfQoBLJMXfn6S20zKk=,hc4BF6FB5MRmvP25xOVgPNFZDk0=
20,-52,3o5VA1E13yfQoBLJMXfn6S20zKk=,hc4BF6FB5MRmvP25xOVgPNFZDk0=
16,-50,3o5VA1E13yfQoBLJMXfn6S20zKk=,hc4BF6FB5MRmvP25xOVgPNFZDk0=
20,-51,3o5VA1E13yfQoBLJMXfn6S20zKk=,hc4BF6FB5MRmvP25xOVgPNFZDk0=
22,-52,3o5VA1E13yfQoBLJMXfn6S20zKk=,hc4BF6FB5MRmvP25xOVgPNFZDk0=
21,-52,3o5VA1E13yfQoBLJMXfn6S20zKk=,hc4BF6FB5MRmvP25xOVgPNFZDk0=
20,-56,3o5VA1E13yfQoBLJMXfn6S20zKk=,hc4BF6FB5MRmvP25xOVgPNFZDk0=
22,-51,3o5VA1E13yfQoBLJMXfn6S20zKk=,hc4BF6FB5MRmvP25xOVgPNFZDk0=
16,-60,3o5VA1E13yfQoBLJMXfn6S20zKk=,V2zj5aTXSHYj0773kCIkla6swUY=
21,-56,XJ0K/HtOmScQ62wqZsIHIuErhII=,hc4BF6FB5MRmvP25xOVgPNFZDk0=
17,-49,3o5VA1E13yfQoBLJMXfn6S20zKk=,hc4BF6FB5MRmvP25xOVgPNFZDk0=
24,-58,3o5VA1E13yfQoBLJMXfn6S20zKk=,V2zj5aTXSHYj0773kCIkla6swUY=
22,-56,be6Y2E8dTlarjCf5fKzjyEH45L4=,hc4BF6FB5MRmvP25xOVgPNFZDk0=
27,-52,3o5VA1E13yfQoBLJMXfn6S20zKk=,XSCV+nblnnda8IGUT5UpblRb1dg=
18,-60,3o5VA1E13yfQoBLJMXfn6S20zKk=,V2zj5aTXSHYj0773kCIkla6swUY=
17,-60,3o5VA1E13yfQoBLJMXfn6S20zKk=,V2zj5aTXSHYj0773kCIkla6swUY=
16,-51,3o5VA1E13yfQoBLJMXfn6S20zKk=,hc4BF6FB5MRmvP25xOVgPNFZDk0=
19,-57,3o5VA1E13yfQoBLJMXfn6S20zKk=,V2zj5aTXSHYj0773kCIkla6swUY=
26,-54,N5q4VmJuF1aRhLn3H32Nh47yF6k=,XSCV+nblnnda8IGUT5UpblRb1dg=
25,-54,3o5VA1E13yfQoBLJMXfn6S20zKk=,XSCV+nblnnda8IGUT5UpblRb1dg=
24,-64,3o5VA1E13yfQoBLJMXfn6S20zKk=,V2zj5aTXSHYj0773kCIkla6swUY=
19,-60,3o5VA1E13yfQoBLJMXfn6S20zKk=,V2zj5aTXSHYj0773kCIkla6swUY=
25,-58,3o5VA1E13yfQoBLJMXfn6S20zKk=,V2zj5aTXSHYj0773kCIkla6swUY=
26,-56,3o5VA1E13yfQoBLJMXfn6S20zKk=,XSCV+nblnnda8IGUT5UpblRb1dg=
24,-54,3o5VA1E13yfQoBLJMXfn6S20zKk=,XSCV+nblnnda8IGUT5UpblRb1dg=
30,-58,3o5VA1E13yfQoBLJMXfn6S20zKk=,V2zj5aTXSHYj0773kCIkla6swUY=
21,-58,3o5VA1E13yfQoBLJMXfn6S20zKk=,V2zj5aTXSHYj0773kCIkla6swUY=
16,-52,3o5VA1E13yfQoBLJMXfn6S20zKk=,hc4BF6FB5MRmvP25xOVgPNFZDk0=
25,-53,3o5VA1E13yfQoBLJMXfn6S20zKk=,XSCV+nblnnda8IGUT5UpblRb1dg=
22,-58,3o5VA1E13yfQoBLJMXfn6S20zKk=,V2zj5aTXSHYj0773kCIkla6swUY=
20,-58,be6Y2E8dTlarjCf5fKzjyEH45L4=,V2zj5aTXSHYj0773kCIkla6swUY=
18,-57,3o5VA1E13yfQoBLJMXfn6S20zKk=,V2zj5aTXSHYj0773kCIkla6swUY=
30,-57,3o5VA1E13yfQoBLJMXfn6S20zKk=,V2zj5aTXSHYj0773kCIkla6swUY=
30,-52,3o5VA1E13yfQoBLJMXfn6S20zKk=,XSCV+nblnnda8IGUT5UpblRb1dg=
26,-58,3o5VA1E13yfQoBLJMXfn6S20zKk=,V2zj5aTXSHYj0773kCIkla6swUY=
22,-59,XJ0K/HtOmScQ62wqZsIHIuErhII=,V2zj5aTXSHYj0773kCIkla6swUY=
16,-53,3o5VA1E13yfQoBLJMXfn6S20zKk=,hc4BF6FB5MRmvP25xOVgPNFZDk0=
17,-59,3o5VA1E13yfQoBLJMXfn6S20zKk=,V2zj5aTXSHYj0773kCIkla6swUY=
23,-50,3o5VA1E13yfQoBLJMXfn6S20zKk=,hc4BF6FB5MRmvP25xOVgPNFZDk0=
31,-60,3o5VA1E13yfQoBLJMXfn6S20zKk=,V2zj5aTXSHYj0773kCIkla6swUY=
27,-58,3o5VA1E13yfQoBLJMXfn6S20zKk=,V2zj5aTXSHYj0773kCIkla6swUY=
24,-53,3o5VA1E13yfQoBLJMXfn6S20zKk=,XSCV+nblnnda8IGUT5UpblRb1dg=
24,-50,3o5VA1E13yfQoBLJMXfn6S20zKk=,XSCV+nblnnda8IGUT5UpblRb1dg=
17,-57,3o5VA1E13yfQoBLJMXfn6S20zKk=,V2zj5aTXSHYj0773kCIkla6swUY=
28,-58,3o5VA1E13yfQoBLJMXfn6S20zKk=,V2zj5aTXSHYj0773kCIkla6swUY=
31,-57,3o5VA1E13yfQoBLJMXfn6S20zKk=,V2zj5aTXSHYj0773kCIkla6swUY=
18,-59,3o5VA1E13yfQoBLJMXfn6S20zKk=,V2zj5aTXSHYj0773kCIkla6swUY=
25,-50,3o5VA1E13yfQoBLJMXfn6S20zKk=,XSCV+nblnnda8IGUT5UpblRb1dg=
29,-58,3o5VA1E13yfQoBLJMXfn6S20zKk=,V2zj5aTXSHYj0773kCIkla6swUY=
27,-64,3o5VA1E13yfQoBLJMXfn6S20zKk=,V2zj5aTXSHYj0773kCIkla6swUY=
30,-55,3o5VA1E13yfQoBLJMXfn6S20zKk=,XSCV+nblnnda8IGUT5UpblRb1dg=
31,-59,3o5VA1E13yfQoBLJMXfn6S20zKk=,V2zj5aTXSHYj0773kCIkla6swUY=
29,-50,3o5VA1E13yfQoBLJMXfn6S20zKk=,XSCV+nblnnda8IGUT5UpblRb1dg=
20,-57,3o5VA1E13yfQoBLJMXfn6S20zKk=,V2zj5aTXSHYj0773kCIkla6swUY=
31,-58,3o5VA1E13yfQoBLJMXfn6S20zKk=,V2zj5aTXSHYj0773kCIkla6swUY=
27,-56,3o5VA1E13yfQoBLJMXfn6S20zKk=,XSCV+nblnnda8IGUT5UpblRb1dg=
24,-51,3o5VA1E13yfQoBLJMXfn6S20zKk=,XSCV+nblnnda8IGUT5UpblRb1dg=
16,-54,3o5VA1E13yfQoBLJMXfn6S20zKk=,hc4BF6FB5MRmvP25xOVgPNFZDk0=
28,-53,3o5VA1E13yfQoBLJMXfn6S20zKk=,XSCV+nblnnda8IGUT5UpblRb1dg=
19,-59,3o5VA1E13yfQoBLJMXfn6S20zKk=,V2zj5aTXSHYj0773kCIkla6swUY=
19,-58,3o5VA1E13yfQoBLJMXfn6S20zKk=,V2zj5aTXSHYj0773kCIkla6swUY=
23,-56,be6Y2E8dTlarjCf5fKzjyEH45L4=,hc4BF6FB5MRmvP25xOVgPNFZDk0=
21,-57,3o5VA1E13yfQoBLJMXfn6S20zKk=,V2zj5aTXSHYj0773kCIkla6swUY=
29,-53,3o5VA1E13yfQoBLJMXfn6S20zKk=,XSCV+nblnnda8IGUT5UpblRb1dg=
25,-51,3o5VA1E13yfQoBLJMXfn6S20zKk=,XSCV+nblnnda8IGUT5UpblRb1dg=
24,-56,8N94jgHPZtl+GUd9xIclIEfu6Tg=,XSCV+nblnnda8IGUT5UpblRb1dg=
22,-57,3o5VA1E13yfQoBLJMXfn6S20zKk=,V2zj5aTXSHYj0773kCIkla6swUY=
23,-55,3o5VA1E13yfQoBLJMXfn6S20zKk=,hc4BF6FB5MRmvP25xOVgPNFZDk0=
16,-55,3o5VA1E13yfQoBLJMXfn6S20zKk=,hc4BF6FB5MRmvP25xOVgPNFZDk0=
20,-63,3o5VA1E13yfQoBLJMXfn6S20zKk=,V2zj5aTXSHYj0773kCIkla6swUY=
28,-56,3o5VA1E13yfQoBLJMXfn6S20zKk=,XSCV+nblnnda8IGUT5UpblRb1dg=
16,-64,3o5VA1E13yfQoBLJMXfn6S20zKk=,V2zj5aTXSHYj0773kCIkla6swUY=
29,-56,3o5VA1E13yfQoBLJMXfn6S20zKk=,XSCV+nblnnda8IGUT5UpblRb1dg=
21,-63,3o5VA1E13yfQoBLJMXfn6S20zKk=,V2zj5aTXSHYj0773kCIkla6swUY=
28,-52,3o5VA1E13yfQoBLJMXfn6S20zKk=,XSCV+nblnnda8IGUT5UpblRb1dg=
17,-62,3o5VA1E13yfQoBLJMXfn6S20zKk=,V2zj5aTXSHYj0773kCIkla6swUY=
24,-63,3o5VA1E13yfQoBLJMXfn6S20zKk=,V2zj5aTXSHYj0773kCIkla6swUY=
26,-64,3o5VA1E13yfQoBLJMXfn6S20zKk=,V2zj5aTXSHYj0773kCIkla6swUY=
23,-54,3o5VA1E13yfQoBLJMXfn6S20zKk=,hc4BF6FB5MRmvP25xOVgPNFZDk0=
31,-55,3o5VA1E13yfQoBLJMXfn6S20zKk=,XSCV+nblnnda8IGUT5UpblRb1dg=
31,-52,3o5VA1E13yfQoBLJMXfn6S20zKk=,XSCV+nblnnda8IGUT5UpblRb1dg=
18,-62,3o5VA1E13yfQoBLJMXfn6S20zKk=,V2zj5aTXSHYj0773kCIkla6swUY=
17,-64,3o5VA1E13yfQoBLJMXfn6S20zKk=,V2zj5aTXSHYj0773kCIkla6swUY=
22,-63,3o5VA1E13yfQoBLJMXfn6S20zKk=,V2zj5aTXSHYj0773kCIkla6swUY=
18,-58,3o5VA1E13yfQoBLJMXfn6S20zKk=,V2zj5aTXSHYj0773kCIkla6swUY=
17,-58,3o5VA1E13yfQoBLJMXfn6S20zKk=,V2zj5aTXSHYj0773kCIkla6swUY=
16,-49,3o5VA1E13yfQoBLJMXfn6S20zKk=,hc4BF6FB5MRmvP25xOVgPNFZDk0=
23,-60,3o5VA1E13yfQoBLJMXfn6S20zKk=,V2zj5aTXSHYj0773kCIkla6swUY=
19,-62,3o5VA1E13yfQoBLJMXfn6S20zKk=,V2zj5aTXSHYj0773kCIkla6swUY=
30,-56,3o5VA1E13yfQoBLJMXfn6S20zKk=,XSCV+nblnnda8IGUT5UpblRb1dg=
26,-63,3o5VA1E13yfQoBLJMXfn6S20zKk=,V2zj5aTXSHYj0773kCIkla6swUY=
18,-64,3o5VA1E13yfQoBLJMXfn6S20zKk=,V2zj5aTXSHYj0773kCIkla6swUY=
30,-53,3o5VA1E13yfQoBLJMXfn6S20zKk=,XSCV+nblnnda8IGUT5UpblRb1dg=
31,-56,3o5VA1E13yfQoBLJMXfn6S20zKk=,XSCV+nblnnda8IGUT5UpblRb1dg=
24,-49,3o5VA1E13yfQoBLJMXfn6S20zKk=,XSCV+nblnnda8IGUT5UpblRb1dg=
30,-50,3o5VA1E13yfQoBLJMXfn6S20zKk=,XSCV+nblnnda8IGUT5UpblRb1dg=
25,-63,3o5VA1E13yfQoBLJMXfn6S20zKk=,V2zj5aTXSHYj0773kCIkla6swUY=
18,-49,3o5VA1E13yfQoBLJMXfn6S20zKk=,hc4BF6FB5MRmvP25xOVgPNFZDk0=
25,-49,3o5VA1E13yfQoBLJMXfn6S20zKk=,XSCV+nblnnda8IGUT5UpblRb1dg=
17,-61,3o5VA1E13yfQoBLJMXfn6S20zKk=,V2zj5aTXSHYj0773kCIkla6swUY=
27,-49,3o5VA1E13yfQoBLJMXfn6S20zKk=,XSCV+nblnnda8IGUT5UpblRb1dg=
31,-51,3o5VA1E13yfQoBLJMXfn6S20zKk=,XSCV+nblnnda8IGUT5UpblRb1dg=
31,-50,3o5VA1E13yfQoBLJMXfn6S20zKk=,XSCV+nblnnda8IGUT5UpblRb1dg=
16,-56,3o5VA1E13yfQoBLJMXfn6S20zKk=,hc4BF6FB5MRmvP25xOVgPNFZDk0=
21,-62,3o5VA1E13yfQoBLJMXfn6S20zKk=,V2zj5aTXSHYj0773kCIkla6swUY=
27,-63,3o5VA1E13yfQoBLJMXfn6S20zKk=,V2zj5aTXSHYj0773kCIkla6swUY=
19,-64,3o5VA1E13yfQoBLJMXfn6S20zKk=,V2zj5aTXSHYj0773kCIkla6swUY=
20,-62,3o5VA1E13yfQoBLJMXfn6S20zKk=,V2zj5aTXSHYj0773kCIkla6swUY=
26,-49,3o5VA1E13yfQoBLJMXfn6S20zKk=,XSCV+nblnnda8IGUT5UpblRb1dg=
19,-61,3o5VA1E13yfQoBLJMXfn6S20zKk=,V2zj5aTXSHYj0773kCIkla6swUY=
18,-61,3o5VA1E13yfQoBLJMXfn6S20zKk=,V2zj5aTXSHYj0773kCIkla6swUY=
25,-64,3o5VA1E13yfQoBLJMXfn6S20zKk=,V2zj5aTXSHYj0773kCIkla6swUY=
22,-62,3o5VA1E13yfQoBLJMXfn6S20zKk=,V2zj5aTXSHYj0773kCIkla6swUY=
31,-53,3o5VA1E13yfQoBLJMXfn6S20zKk=,XSCV+nblnnda8IGUT5UpblRb1dg=
24,-62,3o5VA1E13yfQoBLJMXfn6S20zKk=,V2zj5aTXSHYj0773kCIkla6swUY=
19,-49,3o5VA1E13yfQoBLJMXfn6S20zKk=,hc4BF6FB5MRmvP25xOVgPNFZDk0=
17,-63,3o5VA1E13yfQoBLJMXfn6S20zKk=,V2zj5aTXSHYj0773kCIkla6swUY=
20,-61,3o5VA1E13yfQoBLJMXfn6S20zKk=,V2zj5aTXSHYj0773kCIkla6swUY=
19,-56,3o5VA1E13yfQoBLJMXfn6S20zKk=,hc4BF6FB5MRmvP25xOVgPNFZDk0=
25,-62,3o5VA1E13yfQoBLJMXfn6S20zKk=,V2zj5aTXSHYj0773kCIkla6swUY=
18,-63,3o5VA1E13yfQoBLJMXfn6S20zKk=,V2zj5aTXSHYj0773kCIkla6swUY=
17,-55,3o5VA1E13yfQoBLJMXfn6S20zKk=,hc4BF6FB5MRmvP25xOVgPNFZDk0=
31,-54,3o5VA1E13yfQoBLJMXfn6S20zKk=,XSCV+nblnnda8IGUT5UpblRb1dg=
19,-55,3o5VA1E13yfQoBLJMXfn6S20zKk=,hc4BF6FB5MRmvP25xOVgPNFZDk0=
26,-62,3o5VA1E13yfQoBLJMXfn6S20zKk=,V2zj5aTXSHYj0773kCIkla6swUY=
20,-64,3o5VA1E13yfQoBLJMXfn6S20zKk=,V2zj5aTXSHYj0773kCIkla6swUY=
18,-55,3o5VA1E13yfQoBLJMXfn6S20zKk=,hc4BF6FB5MRmvP25xOVgPNFZDk0=
21,-61,3o5VA1E13yfQoBLJMXfn6S20zKk=,V2zj5aTXSHYj0773kCIkla6swUY=
19,-54,3o5VA1E13yfQoBLJMXfn6S20zKk=,hc4BF6FB5MRmvP25xOVgPNFZDk0=
28,-49,3o5VA1E13yfQoBLJMXfn6S20zKk=,XSCV+nblnnda8IGUT5UpblRb1dg=
25,-61,3o5VA1E13yfQoBLJMXfn6S20zKk=,V2zj5aTXSHYj0773kCIkla6swUY=
26,-61,3o5VA1E13yfQoBLJMXfn6S20zKk=,V2zj5aTXSHYj0773kCIkla6swUY=
17,-53,3o5VA1E13yfQoBLJMXfn6S20zKk=,hc4BF6FB5MRmvP25xOVgPNFZDk0=
19,-63,3o5VA1E13yfQoBLJMXfn6S20zKk=,V2zj5aTXSHYj0773kCIkla6swUY=
22,-61,3o5VA1E13yfQoBLJMXfn6S20zKk=,V2zj5aTXSHYj0773kCIkla6swUY=
27,-62,3o5VA1E13yfQoBLJMXfn6S20zKk=,V2zj5aTXSHYj0773kCIkla6swUY=
29,-55,3o5VA1E13yfQoBLJMXfn6S20zKk=,XSCV+nblnnda8IGUT5UpblRb1dg=
24,-61,3o5VA1E13yfQoBLJMXfn6S20zKk=,V2zj5aTXSHYj0773kCIkla6swUY=
18,-53,3o5VA1E13yfQoBLJMXfn6S20zKk=,hc4BF6FB5MRmvP25xOVgPNFZDk0=
17,-52,3o5VA1E13yfQoBLJMXfn6S20zKk=,hc4BF6FB5MRmvP25xOVgPNFZDk0=
19,-53,3o5VA1E13yfQoBLJMXfn6S20zKk=,hc4BF6FB5MRmvP25xOVgPNFZDk0=
18,-54,3o5VA1E13yfQoBLJMXfn6S20zKk=,hc4BF6FB5MRmvP25xOVgPNFZDk0=
18,-52,3o5VA1E13yfQoBLJMXfn6S20zKk=,hc4BF6FB5MRmvP25xOVgPNFZDk0=
17,-54,3o5VA1E13yfQoBLJMXfn6S20zKk=,hc4BF6FB5MRmvP25xOVgPNFZDk0=
23,-49,3o5VA1E13yfQoBLJMXfn6S20zKk=,hc4BF6FB5MRmvP25xOVgPNFZDk0=
29,-49,3o5VA1E13yfQoBLJMXfn6S20zKk=,XSCV+nblnnda8IGUT5UpblRb1dg=
26,-51,3o5VA1E13yfQoBLJMXfn6S20zKk=,XSCV+nblnnda8IGUT5UpblRb1dg=
21,-64,3o5VA1E13yfQoBLJMXfn6S20zKk=,V2zj5aTXSHYj0773kCIkla6swUY=
23,-63,3o5VA1E13yfQoBLJMXfn6S20zKk=,V2zj5aTXSHYj0773kCIkla6swUY=
18,-56,3o5VA1E13yfQoBLJMXfn6S20zKk=,hc4BF6FB5MRmvP25xOVgPNFZDk0=
27,-61,3o5VA1E13yfQoBLJMXfn6S20zKk=,V2zj5aTXSHYj0773kCIkla6swUY=
16,-62,3o5VA1E13yfQoBLJMXfn6S20zKk=,V2zj5aTXSHYj0773kCIkla6swUY=
30,-49,3o5VA1E13yfQoBLJMXfn6S20zKk=,XSCV+nblnnda8IGUT5UpblRb1dg=
16,-61,3o5VA1E13yfQoBLJMXfn6S20zKk=,V2zj5aTXSHYj0773kCIkla6swUY=
19,-52,3o5VA1E13yfQoBLJMXfn6S20zKk=,hc4BF6FB5MRmvP25xOVgPNFZDk0=
16,-63,3o5VA1E13yfQoBLJMXfn6S20zKk=,V2zj5aTXSHYj0773kCIkla6swUY=
17,-51,3o5VA1E13yfQoBLJMXfn6S20zKk=,hc4BF6FB5MRmvP25xOVgPNFZDk0=
27,-53,3o5VA1E13yfQoBLJMXfn6S20zKk=,XSCV+nblnnda8IGUT5UpblRb1dg=
18,-51,3o5VA1E13yfQoBLJMXfn6S20zKk=,hc4BF6FB5MRmvP25xOVgPNFZDk0=
31,-49,3o5VA1E13yfQoBLJMXfn6S20zKk=,XSCV+nblnnda8IGUT5UpblRb1dg=
28,-54,3o5VA1E13yfQoBLJMXfn6S20zKk=,XSCV+nblnnda8IGUT5UpblRb1dg=
27,-51,3o5VA1E13yfQoBLJMXfn6S20zKk=,XSCV+nblnnda8IGUT5UpblRb1dg=
19,-51,3o5VA1E13yfQoBLJMXfn6S20zKk=,hc4BF6FB5MRmvP25xOVgPNFZDk0=
23,-51,3o5VA1E13yfQoBLJMXfn6S20zKk=,hc4BF6FB5MRmvP25xOVgPNFZDk0=
29,-54,3o5VA1E13yfQoBLJMXfn6S20zKk=,XSCV+nblnnda8IGUT5UpblRb1dg=
17,-50,3o5VA1E13yfQoBLJMXfn6S20zKk=,hc4BF6FB5MRmvP25xOVgPNFZDk0=
19,-50,3o5VA1E13yfQoBLJMXfn6S20zKk=,hc4BF6FB5MRmvP25xOVgPNFZDk0=
18,-50,3o5VA1E13yfQoBLJMXfn6S20zKk=,hc4BF6FB5MRmvP25xOVgPNFZDk0=
22,-64,3o5VA1E13yfQoBLJMXfn6S20zKk=,V2zj5aTXSHYj0773kCIkla6swUY=
26,-53,3o5VA1E13yfQoBLJMXfn6S20zKk=,XSCV+nblnnda8IGUT5UpblRb1dg=
27,-54,Yo1j2AzLgZiMyoX3+xMVVPyEE4U=,XSCV+nblnnda8IGUT5UpblRb1dg=
30,-51,3o5VA1E13yfQoBLJMXfn6S20zKk=,XSCV+nblnnda8IGUT5UpblRb1dg=
23,-62,3o5VA1E13yfQoBLJMXfn6S20zKk=,V2zj5aTXSHYj0773kCIkla6swUY=
29,-51,3o5VA1E13yfQoBLJMXfn6S20zKk=,XSCV+nblnnda8IGUT5UpblRb1dg=
28,-55,3o5VA1E13yfQoBLJMXfn6S20zKk=,XSCV+nblnnda8IGUT5UpblRb1dg=
23,-64,3o5VA1E13yfQoBLJMXfn6S20zKk=,V2zj5aTXSHYj0773kCIkla6swUY=
17,-56,3o5VA1E13yfQoBLJMXfn6S20zKk=,hc4BF6FB5MRmvP25xOVgPNFZDk0=
23,-61,3o5VA1E13yfQoBLJMXfn6S20zKk=,V2zj5aTXSHYj0773kCIkla6swUY=
28,-51,3o5VA1E13yfQoBLJMXfn6S20zKk=,XSCV+nblnnda8IGUT5UpblRb1dg=
25,-56,3o5VA1E13yfQoBLJMXfn6S20zKk=,XSCV+nblnnda8IGUT5UpblRb1dg=
29,-52,3o5VA1E13yfQoBLJMXfn6S20zKk=,XSCV+nblnnda8IGUT5UpblRb1dg=
27,-55,3o5VA1E13yfQoBLJMXfn6S20zKk=,XSCV+nblnnda8IGUT5UpblRb1dg=
26,-55,3o5VA1E13yfQoBLJMXfn6S20zKk=,XSCV+nblnnda8IGUT5UpblRb1dg=
30,-54,3o5VA1E13yfQoBLJMXfn6S20zKk=,XSCV+nblnnda8IGUT5UpblRb1dg=
11,-60,Wa+3CQS//h46GsqpQFBR1BvLbf8=,QU9+Kev23N+0gG4AQhl7U1ll/uc=
8,-60,Wa+3CQS//h46GsqpQFBR1BvLbf8=,QU9+Kev23N+0gG4AQhl7U1ll/uc=
6,-59,jTD/jdODInumwDtxVMlK37VQmyg=,e4HMSz1jTgojOMNHPHjp+jKwFH0=
5,-55,Wa+3CQS//h46GsqpQFBR1BvLbf8=,cnjXMyqmKAkbm4JGBZ6fbVOwG0o=
8,-56,Wa+3CQS//h46GsqpQFBR1BvLbf8=,8/gHDLda6GwspL37i12CR5STmJ8=
11,-59,Wa+3CQS//h46GsqpQFBR1BvLbf8=,QU9+Kev23N+0gG4AQhl7U1ll/uc=
4,-58,jTD/jdODInumwDtxVMlK37VQmyg=,e4HMSz1jTgojOMNHPHjp+jKwFH0=
9,-59,Wa+3CQS//h46GsqpQFBR1BvLbf8=,QU9+Kev23N+0gG4AQhl7U1ll/uc=
5,-59,OtfQ0hHZkmirqAhHQ8aFZ+Y6kBE=,e4HMSz1jTgojOMNHPHjp+jKwFH0=
4,-55,Wa+3CQS//h46GsqpQFBR1BvLbf8=,cnjXMyqmKAkbm4JGBZ6fbVOwG0o=
5,-54,Wa+3CQS//h46GsqpQFBR1BvLbf8=,cnjXMyqmKAkbm4JGBZ6fbVOwG0o=
4,-59,jTD/jdODInumwDtxVMlK37VQmyg=,e4HMSz1jTgojOMNHPHjp+jKwFH0=
9,-58,Wa+3CQS//h46GsqpQFBR1BvLbf8=,QU9+Kev23N+0gG4AQhl7U1ll/uc=
6,-54,Wa+3CQS//h46GsqpQFBR1BvLbf8=,cnjXMyqmKAkbm4JGBZ6fbVOwG0o=
4,-53,Wa+3CQS//h46GsqpQFBR1BvLbf8=,cnjXMyqmKAkbm4JGBZ6fbVOwG0o=
9,-57,Wa+3CQS//h46GsqpQFBR1BvLbf8=,QU9+Kev23N+0gG4AQhl7U1ll/uc=
6,-53,Wa+3CQS//h46GsqpQFBR1BvLbf8=,cnjXMyqmKAkbm4JGBZ6fbVOwG0o=
4,-54,Wa+3CQS//h46GsqpQFBR1BvLbf8=,cnjXMyqmKAkbm4JGBZ6fbVOwG0o=
6,-60,jTD/jdODInumwDtxVMlK37VQmyg=,e4HMSz1jTgojOMNHPHjp+jKwFH0=
10,-58,Wa+3CQS//h46GsqpQFBR1BvLbf8=,QU9+Kev23N+0gG4AQhl7U1ll/uc=
10,-57,Wa+3CQS//h46GsqpQFBR1BvLbf8=,QU9+Kev23N+0gG4AQhl7U1ll/uc=
4,-60,jTD/jdODInumwDtxVMlK37VQmyg=,e4HMSz1jTgojOMNHPHjp+jKwFH0=
6,-58,Wa+3CQS//h46GsqpQFBR1BvLbf8=,e4HMSz1jTgojOMNHPHjp+jKwFH0=
7,-53,u5S3ebJdER5hNtJqwMC82fzz9zY=,cnjXMyqmKAkbm4JGBZ6fbVOwG0o=
4,-57,Wa+3CQS//h46GsqpQFBR1BvLbf8=,e4HMSz1jTgojOMNHPHjp+jKwFH0=
6,-55,Wa+3CQS//h46GsqpQFBR1BvLbf8=,cnjXMyqmKAkbm4JGBZ6fbVOwG0o=
11,-54,Wa+3CQS//h46GsqpQFBR1BvLbf8=,8/gHDLda6GwspL37i12CR5STmJ8=
7,-55,Wa+3CQS//h46GsqpQFBR1BvLbf8=,cnjXMyqmKAkbm4JGBZ6fbVOwG0o=
5,-57,DWC1EPEXfu30UkzYISmYOqmdL9M=,e4HMSz1jTgojOMNHPHjp+jKwFH0=
7,-59,Wa+3CQS//h46GsqpQFBR1BvLbf8=,e4HMSz1jTgojOMNHPHjp+jKwFH0=
10,-60,Wa+3CQS//h46GsqpQFBR1BvLbf8=,QU9+Kev23N+0gG4AQhl7U1ll/uc=
6,-57,pQ6YsjPjsbN04P5uSPLhaRgHJwo=,e4HMSz1jTgojOMNHPHjp+jKwFH0=
6,-56,Wa+3CQS//h46GsqpQFBR1BvLbf8=,cnjXMyqmKAkbm4JGBZ6fbVOwG0o=
7,-60,Wa+3CQS//h46GsqpQFBR1BvLbf8=,e4HMSz1jTgojOMNHPHjp+jKwFH0=
5,-53,Wa+3CQS//h46GsqpQFBR1BvLbf8=,cnjXMyqmKAkbm4JGBZ6fbVOwG0o=
9,-60,Wa+3CQS//h46GsqpQFBR1BvLbf8=,QU9+Kev23N+0gG4AQhl7U1ll/uc=
5,-60,jTD/jdODInumwDtxVMlK37VQmyg=,e4HMSz1jTgojOMNHPHjp+jKwFH0=
5,-58,DWC1EPEXfu30UkzYISmYOqmdL9M=,e4HMSz1jTgojOMNHPHjp+jKwFH0=
10,-59,Wa+3CQS//h46GsqpQFBR1BvLbf8=,QU9+Kev23N+0gG4AQhl7U1ll/uc=
4,-56,Wa+3CQS//h46GsqpQFBR1BvLbf8=,cnjXMyqmKAkbm4JGBZ6fbVOwG0o=
5,-56,Wa+3CQS//h46GsqpQFBR1BvLbf8=,cnjXMyqmKAkbm4JGBZ6fbVOwG0o=
8,-57,Wa+3CQS//h46GsqpQFBR1BvLbf8=,QU9+Kev23N+0gG4AQhl7U1ll/uc=
7,-58,jTD/jdODInumwDtxVMlK37VQmyg=,e4HMSz1jTgojOMNHPHjp+jKwFH0=
11,-53,Wa+3CQS//h46GsqpQFBR1BvLbf8=,8/gHDLda6GwspL37i12CR5STmJ8=
9,-55,Wa+3CQS//h46GsqpQFBR1BvLbf8=,8/gHDLda6GwspL37i12CR5STmJ8=
10,-56,Wa+3CQS//h46GsqpQFBR1BvLbf8=,8/gHDLda6GwspL37i12CR5STmJ8=
8,-58,Wa+3CQS//h46GsqpQFBR1BvLbf8=,QU9+Kev23N+0gG4AQhl7U1ll/uc=
8,-55,Wa+3CQS//h46GsqpQFBR1BvLbf8=,8/gHDLda6GwspL37i12CR5STmJ8=
8,-59,Wa+3CQS//h46GsqpQFBR1BvLbf8=,QU9+Kev23N+0gG4AQhl7U1ll/uc=
10,-54,Wa+3CQS//h46GsqpQFBR1BvLbf8=,8/gHDLda6GwspL37i12CR5STmJ8=
7,-57,OtfQ0hHZkmirqAhHQ8aFZ+Y6kBE=,e4HMSz1jTgojOMNHPHjp+jKwFH0=
7,-56,Wa+3CQS//h46GsqpQFBR1BvLbf8=,cnjXMyqmKAkbm4JGBZ6fbVOwG0o=
7,-54,Wa+3CQS//h46GsqpQFBR1BvLbf8=,cnjXMyqmKAkbm4JGBZ6fbVOwG0o=
8,-54,Wa+3CQS//h46GsqpQFBR1BvLbf8=,8/gHDLda6GwspL37i12CR5STmJ8=
11,-58,Wa+3CQS//h46GsqpQFBR1BvLbf8=,QU9+Kev23N+0gG4AQhl7U1ll/uc=
11,-57,Wa+3CQS//h46GsqpQFBR1BvLbf8=,QU9+Kev23N+0gG4AQhl7U1ll/uc=
11,-56,Wa+3CQS//h46GsqpQFBR1BvLbf8=,8/gHDLda6GwspL37i12CR5STmJ8=
8,-53,Wa+3CQS//h46GsqpQFBR1BvLbf8=,8/gHDLda6GwspL37i12CR5STmJ8=
11,-55,Wa+3CQS//h46GsqpQFBR1BvLbf8=,8/gHDLda6GwspL37i12CR5STmJ8=
10,-55,Wa+3CQS//h46GsqpQFBR1BvLbf8=,8/gHDLda6GwspL37i12CR5STmJ8=
10,-53,Wa+3CQS//h46GsqpQFBR1BvLbf8=,8/gHDLda6GwspL37i12CR5STmJ8=
9,-54,Wa+3CQS//h46GsqpQFBR1BvLbf8=,8/gHDLda6GwspL37i12CR5STmJ8=
9,-53,Wa+3CQS//h46GsqpQFBR1BvLbf8=,8/gHDLda6GwspL37i12CR5STmJ8=
9,-56,Wa+3CQS//h46GsqpQFBR1BvLbf8=,8/gHDLda6GwspL37i12CR5STmJ8=
0,-58,Wa+3CQS//h46GsqpQFBR1BvLbf8=,e4HMSz1jTgojOMNHPHjp+jKwFH0=
0,-64,Wa+3CQS//h46GsqpQFBR1BvLbf8=,e4HMSz1jTgojOMNHPHjp+jKwFH0=
7,-64,Wa+3CQS//h46GsqpQFBR1BvLbf8=,e4HMSz1jTgojOMNHPHjp+jKwFH0=
1,-55,Wa+3CQS//h46GsqpQFBR1BvLbf8=,cnjXMyqmKAkbm4JGBZ6fbVOwG0o=
0,-59,Wa+3CQS//h46GsqpQFBR1BvLbf8=,e4HMSz1jTgojOMNHPHjp+jKwFH0=
11,-64,Wa+3CQS//h46GsqpQFBR1BvLbf8=,QU9+Kev23N+0gG4AQhl7U1ll/uc=
0,-60,Wa+3CQS//h46GsqpQFBR1BvLbf8=,e4HMSz1jTgojOMNHPHjp+jKwFH0=
10,-64,Wa+3CQS//h46GsqpQFBR1BvLbf8=,QU9+Kev23N+0gG4AQhl7U1ll/uc=
0,-61,Wa+3CQS//h46GsqpQFBR1BvLbf8=,e4HMSz1jTgojOMNHPHjp+jKwFH0=
9,-64,Wa+3CQS//h46GsqpQFBR1BvLbf8=,QU9+Kev23N+0gG4AQhl7U1ll/uc=
0,-56,Wa+3CQS//h46GsqpQFBR1BvLbf8=,cnjXMyqmKAkbm4JGBZ6fbVOwG0o=
8,-64,Wa+3CQS//h46GsqpQFBR1BvLbf8=,QU9+Kev23N+0gG4AQhl7U1ll/uc=
7,-62,Wa+3CQS//h46GsqpQFBR1BvLbf8=,e4HMSz1jTgojOMNHPHjp+jKwFH0=
0,-62,Wa+3CQS//h46GsqpQFBR1BvLbf8=,e4HMSz1jTgojOMNHPHjp+jKwFH0=
3,-54,Wa+3CQS//h46GsqpQFBR1BvLbf8=,cnjXMyqmKAkbm4JGBZ6fbVOwG0o=
3,-55,Wa+3CQS//h46GsqpQFBR1BvLbf8=,cnjXMyqmKAkbm4JGBZ6fbVOwG0o=
9,-63,Wa+3CQS//h46GsqpQFBR1BvLbf8=,QU9+Kev23N+0gG4AQhl7U1ll/uc=
3,-53,Wa+3CQS//h46GsqpQFBR1BvLbf8=,cnjXMyqmKAkbm4JGBZ6fbVOwG0o=
11,-61,Wa+3CQS//h46GsqpQFBR1BvLbf8=,QU9+Kev23N+0gG4AQhl7U1ll/uc=
10,-63,Wa+3CQS//h46GsqpQFBR1BvLbf8=,QU9+Kev23N+0gG4AQhl7U1ll/uc=
11,-62,Wa+3CQS//h46GsqpQFBR1BvLbf8=,QU9+Kev23N+0gG4AQhl7U1ll/uc=
10,-62,Wa+3CQS//h46GsqpQFBR1BvLbf8=,QU9+Kev23N+0gG4AQhl7U1ll/uc=
9,-62,Wa+3CQS//h46GsqpQFBR1BvLbf8=,QU9+Kev23N+0gG4AQhl7U1ll/uc=
2,-54,Wa+3CQS//h46GsqpQFBR1BvLbf8=,cnjXMyqmKAkbm4JGBZ6fbVOwG0o=
15,-56,Wa+3CQS//h46GsqpQFBR1BvLbf8=,8/gHDLda6GwspL37i12CR5STmJ8=
0,-49,Wa+3CQS//h46GsqpQFBR1BvLbf8=,cnjXMyqmKAkbm4JGBZ6fbVOwG0o=
1,-50,Wa+3CQS//h46GsqpQFBR1BvLbf8=,cnjXMyqmKAkbm4JGBZ6fbVOwG0o=
11,-63,Wa+3CQS//h46GsqpQFBR1BvLbf8=,QU9+Kev23N+0gG4AQhl7U1ll/uc=
10,-61,Wa+3CQS//h46GsqpQFBR1BvLbf8=,QU9+Kev23N+0gG4AQhl7U1ll/uc=
2,-55,Wa+3CQS//h46GsqpQFBR1BvLbf8=,cnjXMyqmKAkbm4JGBZ6fbVOwG0o=
1,-54,Wa+3CQS//h46GsqpQFBR1BvLbf8=,cnjXMyqmKAkbm4JGBZ6fbVOwG0o=
6,-64,Wa+3CQS//h46GsqpQFBR1BvLbf8=,e4HMSz1jTgojOMNHPHjp+jKwFH0=
1,-53,Wa+3CQS//h46GsqpQFBR1BvLbf8=,cnjXMyqmKAkbm4JGBZ6fbVOwG0o=
2,-53,Wa+3CQS//h46GsqpQFBR1BvLbf8=,cnjXMyqmKAkbm4JGBZ6fbVOwG0o=
9,-61,Wa+3CQS//h46GsqpQFBR1BvLbf8=,QU9+Kev23N+0gG4AQhl7U1ll/uc=
3,-50,Wa+3CQS//h46GsqpQFBR1BvLbf8=,cnjXMyqmKAkbm4JGBZ6fbVOwG0o=
12,-63,Wa+3CQS//h46GsqpQFBR1BvLbf8=,QU9+Kev23N+0gG4AQhl7U1ll/uc=
3,-49,Wa+3CQS//h46GsqpQFBR1BvLbf8=,cnjXMyqmKAkbm4JGBZ6fbVOwG0o=
2,-49,Wa+3CQS//h46GsqpQFBR1BvLbf8=,cnjXMyqmKAkbm4JGBZ6fbVOwG0o=
1,-49,Wa+3CQS//h46GsqpQFBR1BvLbf8=,cnjXMyqmKAkbm4JGBZ6fbVOwG0o=
8,-63,Wa+3CQS//h46GsqpQFBR1BvLbf8=,QU9+Kev23N+0gG4AQhl7U1ll/uc=
15,-55,Wa+3CQS//h46GsqpQFBR1BvLbf8=,8/gHDLda6GwspL37i12CR5STmJ8=
0,-51,Wa+3CQS//h46GsqpQFBR1BvLbf8=,cnjXMyqmKAkbm4JGBZ6fbVOwG0o=
7,-63,Wa+3CQS//h46GsqpQFBR1BvLbf8=,e4HMSz1jTgojOMNHPHjp+jKwFH0=
1,-63,Wa+3CQS//h46GsqpQFBR1BvLbf8=,e4HMSz1jTgojOMNHPHjp+jKwFH0=
5,-63,Wa+3CQS//h46GsqpQFBR1BvLbf8=,e4HMSz1jTgojOMNHPHjp+jKwFH0=
8,-62,Wa+3CQS//h46GsqpQFBR1BvLbf8=,QU9+Kev23N+0gG4AQhl7U1ll/uc=
6,-63,Wa+3CQS//h46GsqpQFBR1BvLbf8=,e4HMSz1jTgojOMNHPHjp+jKwFH0=
7,-49,Wa+3CQS//h46GsqpQFBR1BvLbf8=,cnjXMyqmKAkbm4JGBZ6fbVOwG0o=
2,-50,Wa+3CQS//h46GsqpQFBR1BvLbf8=,cnjXMyqmKAkbm4JGBZ6fbVOwG0o=
5,-64,Wa+3CQS//h46GsqpQFBR1BvLbf8=,e4HMSz1jTgojOMNHPHjp+jKwFH0=
1,-52,Wa+3CQS//h46GsqpQFBR1BvLbf8=,cnjXMyqmKAkbm4JGBZ6fbVOwG0o=
0,-57,Wa+3CQS//h46GsqpQFBR1BvLbf8=,e4HMSz1jTgojOMNHPHjp+jKwFH0=
15,-57,Wa+3CQS//h46GsqpQFBR1BvLbf8=,QU9+Kev23N+0gG4AQhl7U1ll/uc=
4,-63,Wa+3CQS//h46GsqpQFBR1BvLbf8=,e4HMSz1jTgojOMNHPHjp+jKwFH0=
13,-63,Wa+3CQS//h46GsqpQFBR1BvLbf8=,QU9+Kev23N+0gG4AQhl7U1ll/uc=
14,-63,Wa+3CQS//h46GsqpQFBR1BvLbf8=,QU9+Kev23N+0gG4AQhl7U1ll/uc=
12,-62,Wa+3CQS//h46GsqpQFBR1BvLbf8=,QU9+Kev23N+0gG4AQhl7U1ll/uc=
15,-54,Wa+3CQS//h46GsqpQFBR1BvLbf8=,8/gHDLda6GwspL37i12CR5STmJ8=
2,-52,Wa+3CQS//h46GsqpQFBR1BvLbf8=,cnjXMyqmKAkbm4JGBZ6fbVOwG0o=
3,-52,Wa+3CQS//h46GsqpQFBR1BvLbf8=,cnjXMyqmKAkbm4JGBZ6fbVOwG0o=
8,-61,Wa+3CQS//h46GsqpQFBR1BvLbf8=,QU9+Kev23N+0gG4AQhl7U1ll/uc=
5,-62,Wa+3CQS//h46GsqpQFBR1BvLbf8=,e4HMSz1jTgojOMNHPHjp+jKwFH0=
4,-62,Wa+3CQS//h46GsqpQFBR1BvLbf8=,e4HMSz1jTgojOMNHPHjp+jKwFH0=
1,-51,Wa+3CQS//h46GsqpQFBR1BvLbf8=,cnjXMyqmKAkbm4JGBZ6fbVOwG0o=
2,-51,Wa+3CQS//h46GsqpQFBR1BvLbf8=,cnjXMyqmKAkbm4JGBZ6fbVOwG0o=
0,-50,Wa+3CQS//h46GsqpQFBR1BvLbf8=,cnjXMyqmKAkbm4JGBZ6fbVOwG0o=
7,-52,Wa+3CQS//h46GsqpQFBR1BvLbf8=,cnjXMyqmKAkbm4JGBZ6fbVOwG0o=
7,-61,Wa+3CQS//h46GsqpQFBR1BvLbf8=,e4HMSz1jTgojOMNHPHjp+jKwFH0=
6,-62,Wa+3CQS//h46GsqpQFBR1BvLbf8=,e4HMSz1jTgojOMNHPHjp+jKwFH0=
3,-51,Wa+3CQS//h46GsqpQFBR1BvLbf8=,cnjXMyqmKAkbm4JGBZ6fbVOwG0o=
2,-63,Wa+3CQS//h46GsqpQFBR1BvLbf8=,e4HMSz1jTgojOMNHPHjp+jKwFH0=
6,-61,Wa+3CQS//h46GsqpQFBR1BvLbf8=,e4HMSz1jTgojOMNHPHjp+jKwFH0=
15,-53,Wa+3CQS//h46GsqpQFBR1BvLbf8=,8/gHDLda6GwspL37i12CR5STmJ8=
0,-52,Wa+3CQS//h46GsqpQFBR1BvLbf8=,cnjXMyqmKAkbm4JGBZ6fbVOwG0o=
4,-64,Wa+3CQS//h46GsqpQFBR1BvLbf8=,e4HMSz1jTgojOMNHPHjp+jKwFH0=
13,-62,Wa+3CQS//h46GsqpQFBR1BvLbf8=,QU9+Kev23N+0gG4AQhl7U1ll/uc=
4,-61,Wa+3CQS//h46GsqpQFBR1BvLbf8=,e4HMSz1jTgojOMNHPHjp+jKwFH0=
5,-61,Wa+3CQS//h46GsqpQFBR1BvLbf8=,e4HMSz1jTgojOMNHPHjp+jKwFH0=
14,-62,Wa+3CQS//h46GsqpQFBR1BvLbf8=,QU9+Kev23N+0gG4AQhl7U1ll/uc=
3,-63,Wa+3CQS//h46GsqpQFBR1BvLbf8=,e4HMSz1jTgojOMNHPHjp+jKwFH0=
12,-61,Wa+3CQS//h46GsqpQFBR1BvLbf8=,QU9+Kev23N+0gG4AQhl7U1ll/uc=
2,-57,Wa+3CQS//h46GsqpQFBR1BvLbf8=,e4HMSz1jTgojOMNHPHjp+jKwFH0=
13,-61,Wa+3CQS//h46GsqpQFBR1BvLbf8=,QU9+Kev23N+0gG4AQhl7U1ll/uc=
0,-63,Wa+3CQS//h46GsqpQFBR1BvLbf8=,e4HMSz1jTgojOMNHPHjp+jKwFH0=
2,-62,Wa+3CQS//h46GsqpQFBR1BvLbf8=,e4HMSz1jTgojOMNHPHjp+jKwFH0=
12,-60,Wa+3CQS//h46GsqpQFBR1BvLbf8=,QU9+Kev23N+0gG4AQhl7U1ll/uc=
7,-50,Wa+3CQS//h46GsqpQFBR1BvLbf8=,cnjXMyqmKAkbm4JGBZ6fbVOwG0o=
14,-61,Wa+3CQS//h46GsqpQFBR1BvLbf8=,QU9+Kev23N+0gG4AQhl7U1ll/uc=
1,-57,Wa+3CQS//h46GsqpQFBR1BvLbf8=,e4HMSz1jTgojOMNHPHjp+jKwFH0=
1,-62,Wa+3CQS//h46GsqpQFBR1BvLbf8=,e4HMSz1jTgojOMNHPHjp+jKwFH0=
3,-62,Wa+3CQS//h46GsqpQFBR1BvLbf8=,e4HMSz1jTgojOMNHPHjp+jKwFH0=
13,-60,Wa+3CQS//h46GsqpQFBR1BvLbf8=,QU9+Kev23N+0gG4AQhl7U1ll/uc=
14,-53,Wa+3CQS//h46GsqpQFBR1BvLbf8=,8/gHDLda6GwspL37i12CR5STmJ8=
13,-53,Wa+3CQS//h46GsqpQFBR1BvLbf8=,8/gHDLda6GwspL37i12CR5STmJ8=
14,-60,Wa+3CQS//h46GsqpQFBR1BvLbf8=,QU9+Kev23N+0gG4AQhl7U1ll/uc=
3,-58,Wa+3CQS//h46GsqpQFBR1BvLbf8=,e4HMSz1jTgojOMNHPHjp+jKwFH0=
3,-57,Wa+3CQS//h46GsqpQFBR1BvLbf8=,e4HMSz1jTgojOMNHPHjp+jKwFH0=
12,-59,Wa+3CQS//h46GsqpQFBR1BvLbf8=,QU9+Kev23N+0gG4AQhl7U1ll/uc=
2,-58,Wa+3CQS//h46GsqpQFBR1BvLbf8=,e4HMSz1jTgojOMNHPHjp+jKwFH0=
2,-56,Wa+3CQS//h46GsqpQFBR1BvLbf8=,cnjXMyqmKAkbm4JGBZ6fbVOwG0o=
7,-51,Wa+3CQS//h46GsqpQFBR1BvLbf8=,cnjXMyqmKAkbm4JGBZ6fbVOwG0o=
13,-59,Wa+3CQS//h46GsqpQFBR1BvLbf8=,QU9+Kev23N+0gG4AQhl7U1ll/uc=
3,-56,Wa+3CQS//h46GsqpQFBR1BvLbf8=,cnjXMyqmKAkbm4JGBZ6fbVOwG0o=
1,-56,Wa+3CQS//h46GsqpQFBR1BvLbf8=,cnjXMyqmKAkbm4JGBZ6fbVOwG0o=
15,-58,Wa+3CQS//h46GsqpQFBR1BvLbf8=,QU9+Kev23N+0gG4AQhl7U1ll/uc=
14,-59,Wa+3CQS//h46GsqpQFBR1BvLbf8=,QU9+Kev23N+0gG4AQhl7U1ll/uc=
12,-54,Wa+3CQS//h46GsqpQFBR1BvLbf8=,8/gHDLda6GwspL37i12CR5STmJ8=
12,-53,Wa+3CQS//h46GsqpQFBR1BvLbf8=,8/gHDLda6GwspL37i12CR5STmJ8=
0,-55,Wa+3CQS//h46GsqpQFBR1BvLbf8=,cnjXMyqmKAkbm4JGBZ6fbVOwG0o=
1,-61,Wa+3CQS//h46GsqpQFBR1BvLbf8=,e4HMSz1jTgojOMNHPHjp+jKwFH0=
14,-56,Wa+3CQS//h46GsqpQFBR1BvLbf8=,8/gHDLda6GwspL37i12CR5STmJ8=
0,-53,Wa+3CQS//h46GsqpQFBR1BvLbf8=,cnjXMyqmKAkbm4JGBZ6fbVOwG0o=
2,-59,Wa+3CQS//h46GsqpQFBR1BvLbf8=,e4HMSz1jTgojOMNHPHjp+jKwFH0=
3,-60,Wa+3CQS//h46GsqpQFBR1BvLbf8=,e4HMSz1jTgojOMNHPHjp+jKwFH0=
1,-58,Wa+3CQS//h46GsqpQFBR1BvLbf8=,e4HMSz1jTgojOMNHPHjp+jKwFH0=
6,-52,Wa+3CQS//h46GsqpQFBR1BvLbf8=,cnjXMyqmKAkbm4JGBZ6fbVOwG0o=
1,-59,Wa+3CQS//h46GsqpQFBR1BvLbf8=,e4HMSz1jTgojOMNHPHjp+jKwFH0=
2,-60,Wa+3CQS//h46GsqpQFBR1BvLbf8=,e4HMSz1jTgojOMNHPHjp+jKwFH0=
1,-60,Wa+3CQS//h46GsqpQFBR1BvLbf8=,e4HMSz1jTgojOMNHPHjp+jKwFH0=
3,-59,Wa+3CQS//h46GsqpQFBR1BvLbf8=,e4HMSz1jTgojOMNHPHjp+jKwFH0=
0,-54,Wa+3CQS//h46GsqpQFBR1BvLbf8=,cnjXMyqmKAkbm4JGBZ6fbVOwG0o=
3,-61,Wa+3CQS//h46GsqpQFBR1BvLbf8=,e4HMSz1jTgojOMNHPHjp+jKwFH0=
2,-61,Wa+3CQS//h46GsqpQFBR1BvLbf8=,e4HMSz1jTgojOMNHPHjp+jKwFH0=
13,-54,Wa+3CQS//h46GsqpQFBR1BvLbf8=,8/gHDLda6GwspL37i12CR5STmJ8=
13,-58,Wa+3CQS//h46GsqpQFBR1BvLbf8=,QU9+Kev23N+0gG4AQhl7U1ll/uc=
3,-64,Wa+3CQS//h46GsqpQFBR1BvLbf8=,e4HMSz1jTgojOMNHPHjp+jKwFH0=
14,-58,Wa+3CQS//h46GsqpQFBR1BvLbf8=,QU9+Kev23N+0gG4AQhl7U1ll/uc=
1,-64,Wa+3CQS//h46GsqpQFBR1BvLbf8=,e4HMSz1jTgojOMNHPHjp+jKwFH0=
15,-49,Wa+3CQS//h46GsqpQFBR1BvLbf8=,8/gHDLda6GwspL37i12CR5STmJ8=
14,-55,Wa+3CQS//h46GsqpQFBR1BvLbf8=,8/gHDLda6GwspL37i12CR5STmJ8=
4,-51,Wa+3CQS//h46GsqpQFBR1BvLbf8=,cnjXMyqmKAkbm4JGBZ6fbVOwG0o=
2,-64,Wa+3CQS//h46GsqpQFBR1BvLbf8=,e4HMSz1jTgojOMNHPHjp+jKwFH0=
5,-51,Wa+3CQS//h46GsqpQFBR1BvLbf8=,cnjXMyqmKAkbm4JGBZ6fbVOwG0o=
12,-58,Wa+3CQS//h46GsqpQFBR1BvLbf8=,QU9+Kev23N+0gG4AQhl7U1ll/uc=
13,-57,Wa+3CQS//h46GsqpQFBR1BvLbf8=,QU9+Kev23N+0gG4AQhl7U1ll/uc=
8,-51,Wa+3CQS//h46GsqpQFBR1BvLbf8=,8/gHDLda6GwspL37i12CR5STmJ8=
5,-52,Wa+3CQS//h46GsqpQFBR1BvLbf8=,cnjXMyqmKAkbm4JGBZ6fbVOwG0o=
14,-54,Wa+3CQS//h46GsqpQFBR1BvLbf8=,8/gHDLda6GwspL37i12CR5STmJ8=
9,-51,Wa+3CQS//h46GsqpQFBR1BvLbf8=,8/gHDLda6GwspL37i12CR5STmJ8=
12,-57,Wa+3CQS//h46GsqpQFBR1BvLbf8=,QU9+Kev23N+0gG4AQhl7U1ll/uc=
8,-52,Wa+3CQS//h46GsqpQFBR1BvLbf8=,8/gHDLda6GwspL37i12CR5STmJ8=
14,-57,Wa+3CQS//h46GsqpQFBR1BvLbf8=,QU9+Kev23N+0gG4AQhl7U1ll/uc=
12,-56,Wa+3CQS//h46GsqpQFBR1BvLbf8=,8/gHDLda6GwspL37i12CR5STmJ8=
15,-59,Wa+3CQS//h46GsqpQFBR1BvLbf8=,QU9+Kev23N+0gG4AQhl7U1ll/uc=
10,-51,Wa+3CQS//h46GsqpQFBR1BvLbf8=,8/gHDLda6GwspL37i12CR5STmJ8=
10,-52,Wa+3CQS//h46GsqpQFBR1BvLbf8=,8/gHDLda6GwspL37i12CR5STmJ8=
12,-55,Wa+3CQS//h46GsqpQFBR1BvLbf8=,8/gHDLda6GwspL37i12CR5STmJ8=
9,-52,Wa+3CQS//h46GsqpQFBR1BvLbf8=,8/gHDLda6GwspL37i12CR5STmJ8=
13,-56,Wa+3CQS//h46GsqpQFBR1BvLbf8=,8/gHDLda6GwspL37i12CR5STmJ8=
13,-55,Wa+3CQS//h46GsqpQFBR1BvLbf8=,8/gHDLda6GwspL37i12CR5STmJ8=
11,-51,Wa+3CQS//h46GsqpQFBR1BvLbf8=,8/gHDLda6GwspL37i12CR5STmJ8=
12,-64,Wa+3CQS//h46GsqpQFBR1BvLbf8=,QU9+Kev23N+0gG4AQhl7U1ll/uc=
11,-52,Wa+3CQS//h46GsqpQFBR1BvLbf8=,8/gHDLda6GwspL37i12CR5STmJ8=
12,-52,Wa+3CQS//h46GsqpQFBR1BvLbf8=,8/gHDLda6GwspL37i12CR5STmJ8=
14,-49,Wa+3CQS//h46GsqpQFBR1BvLbf8=,8/gHDLda6GwspL37i12CR5STmJ8=
9,-50,Wa+3CQS//h46GsqpQFBR1BvLbf8=,8/gHDLda6GwspL37i12CR5STmJ8=
12,-51,Wa+3CQS//h46GsqpQFBR1BvLbf8=,8/gHDLda6GwspL37i12CR5STmJ8=
8,-50,Wa+3CQS//h46GsqpQFBR1BvLbf8=,8/gHDLda6GwspL37i12CR5STmJ8=
13,-51,Wa+3CQS//h46GsqpQFBR1BvLbf8=,8/gHDLda6GwspL37i12CR5STmJ8=
14,-51,Wa+3CQS//h46GsqpQFBR1BvLbf8=,8/gHDLda6GwspL37i12CR5STmJ8=
6,-51,Wa+3CQS//h46GsqpQFBR1BvLbf8=,cnjXMyqmKAkbm4JGBZ6fbVOwG0o=
13,-52,Wa+3CQS//h46GsqpQFBR1BvLbf8=,8/gHDLda6GwspL37i12CR5STmJ8=
4,-52,Wa+3CQS//h46GsqpQFBR1BvLbf8=,cnjXMyqmKAkbm4JGBZ6fbVOwG0o=
14,-52,Wa+3CQS//h46GsqpQFBR1BvLbf8=,8/gHDLda6GwspL37i12CR5STmJ8=
15,-60,Wa+3CQS//h46GsqpQFBR1BvLbf8=,QU9+Kev23N+0gG4AQhl7U1ll/uc=
13,-64,Wa+3CQS//h46GsqpQFBR1BvLbf8=,QU9+Kev23N+0gG4AQhl7U1ll/uc=
11,-50,Wa+3CQS//h46GsqpQFBR1BvLbf8=,8/gHDLda6GwspL37i12CR5STmJ8=
14,-50,Wa+3CQS//h46GsqpQFBR1BvLbf8=,8/gHDLda6GwspL37i12CR5STmJ8=
15,-51,Wa+3CQS//h46GsqpQFBR1BvLbf8=,8/gHDLda6GwspL37i12CR5STmJ8=
14,-64,Wa+3CQS//h46GsqpQFBR1BvLbf8=,QU9+Kev23N+0gG4AQhl7U1ll/uc=
15,-52,Wa+3CQS//h46GsqpQFBR1BvLbf8=,8/gHDLda6GwspL37i12CR5STmJ8=
13,-50,Wa+3CQS//h46GsqpQFBR1BvLbf8=,8/gHDLda6GwspL37i12CR5STmJ8=
10,-50,Wa+3CQS//h46GsqpQFBR1BvLbf8=,8/gHDLda6GwspL37i12CR5STmJ8=
15,-50,Wa+3CQS//h46GsqpQFBR1BvLbf8=,8/gHDLda6GwspL37i12CR5STmJ8=
4,-50,Wa+3CQS//h46GsqpQFBR1BvLbf8=,cnjXMyqmKAkbm4JGBZ6fbVOwG0o=
15,-64,Wa+3CQS//h46GsqpQFBR1BvLbf8=,QU9+Kev23N+0gG4AQhl7U1ll/uc=
13,-49,Wa+3CQS//h46GsqpQFBR1BvLbf8=,8/gHDLda6GwspL37i12CR5STmJ8=
11,-49,Wa+3CQS//h46GsqpQFBR1BvLbf8=,8/gHDLda6GwspL37i12CR5STmJ8=
15,-63,Wa+3CQS//h46GsqpQFBR1BvLbf8=,QU9+Kev23N+0gG4AQhl7U1ll/uc=
12,-50,Wa+3CQS//h46GsqpQFBR1BvLbf8=,8/gHDLda6GwspL37i12CR5STmJ8=
10,-49,Wa+3CQS//h46GsqpQFBR1BvLbf8=,8/gHDLda6GwspL37i12CR5STmJ8=
9,-49,Wa+3CQS//h46GsqpQFBR1BvLbf8=,8/gHDLda6GwspL37i12CR5STmJ8=
5,-50,Wa+3CQS//h46GsqpQFBR1BvLbf8=,cnjXMyqmKAkbm4JGBZ6fbVOwG0o=
15,-61,Wa+3CQS//h46GsqpQFBR1BvLbf8=,QU9+Kev23N+0gG4AQhl7U1ll/uc=
15,-62,Wa+3CQS//h46GsqpQFBR1BvLbf8=,QU9+Kev23N+0gG4AQhl7U1ll/uc=
6,-50,Wa+3CQS//h46GsqpQFBR1BvLbf8=,cnjXMyqmKAkbm4JGBZ6fbVOwG0o=
4,-49,Wa+3CQS//h46GsqpQFBR1BvLbf8=,cnjXMyqmKAkbm4JGBZ6fbVOwG0o=
12,-49,Wa+3CQS//h46GsqpQFBR1BvLbf8=,8/gHDLda6GwspL37i12CR5STmJ8=
8,-49,Wa+3CQS//h46GsqpQFBR1BvLbf8=,8/gHDLda6GwspL37i12CR5STmJ8=
6,-49,Wa+3CQS//h46GsqpQFBR1BvLbf8=,cnjXMyqmKAkbm4JGBZ6fbVOwG0o=
5,-49,Wa+3CQS//h46GsqpQFBR1BvLbf8=,cnjXMyqmKAkbm4JGBZ6fbVOwG0o=
9,-39,WCLVAxNYD+DCLQbzwHAZLwqyllA=,oyGTL/mDuNAzvjgLmWh/ZRTsofo=
6,-37,WCLVAxNYD+DCLQbzwHAZLwqyllA=,KiPpTclbfWrNFPqTI66sqCdRip8=
5,-38,WCLVAxNYD+DCLQbzwHAZLwqyllA=,KiPpTclbfWrNFPqTI66sqCdRip8=
4,-39,WCLVAxNYD+DCLQbzwHAZLwqyllA=,KiPpTclbfWrNFPqTI66sqCdRip8=
5,-44,WCLVAxNYD+DCLQbzwHAZLwqyllA=,qNjpqtYNr3hWc0Rwxz+8sttat8A=
6,-44,WCLVAxNYD+DCLQbzwHAZLwqyllA=,qNjpqtYNr3hWc0Rwxz+8sttat8A=
4,-37,WCLVAxNYD+DCLQbzwHAZLwqyllA=,KiPpTclbfWrNFPqTI66sqCdRip8=
7,-33,WCLVAxNYD+DCLQbzwHAZLwqyllA=,KiPpTclbfWrNFPqTI66sqCdRip8=
6,-39,WCLVAxNYD+DCLQbzwHAZLwqyllA=,KiPpTclbfWrNFPqTI66sqCdRip8=
5,-37,WCLVAxNYD+DCLQbzwHAZLwqyllA=,KiPpTclbfWrNFPqTI66sqCdRip8=
5,-40,WCLVAxNYD+DCLQbzwHAZLwqyllA=,KiPpTclbfWrNFPqTI66sqCdRip8=
4,-40,WCLVAxNYD+DCLQbzwHAZLwqyllA=,KiPpTclbfWrNFPqTI66sqCdRip8=
6,-38,WCLVAxNYD+DCLQbzwHAZLwqyllA=,KiPpTclbfWrNFPqTI66sqCdRip8=
8,-38,WCLVAxNYD+DCLQbzwHAZLwqyllA=,oyGTL/mDuNAzvjgLmWh/ZRTsofo=
7,-36,WCLVAxNYD+DCLQbzwHAZLwqyllA=,KiPpTclbfWrNFPqTI66sqCdRip8=
7,-43,WCLVAxNYD+DCLQbzwHAZLwqyllA=,qNjpqtYNr3hWc0Rwxz+8sttat8A=
5,-39,WCLVAxNYD+DCLQbzwHAZLwqyllA=,KiPpTclbfWrNFPqTI66sqCdRip8=
6,-40,WCLVAxNYD+DCLQbzwHAZLwqyllA=,KiPpTclbfWrNFPqTI66sqCdRip8=
4,-38,WCLVAxNYD+DCLQbzwHAZLwqyllA=,KiPpTclbfWrNFPqTI66sqCdRip8=
7,-41,qbklC1tWaWyzqGnCP40k8EJHWDk=,qNjpqtYNr3hWc0Rwxz+8sttat8A=
4,-43,WCLVAxNYD+DCLQbzwHAZLwqyllA=,qNjpqtYNr3hWc0Rwxz+8sttat8A=
7,-44,WCLVAxNYD+DCLQbzwHAZLwqyllA=,qNjpqtYNr3hWc0Rwxz+8sttat8A=
10,-38,WCLVAxNYD+DCLQbzwHAZLwqyllA=,oyGTL/mDuNAzvjgLmWh/ZRTsofo=
7,-35,WCLVAxNYD+DCLQbzwHAZLwqyllA=,KiPpTclbfWrNFPqTI66sqCdRip8=
9,-44,WCLVAxNYD+DCLQbzwHAZLwqyllA=,aPQbiZwEvk6L9nMQzgzwHmMVrDM=
4,-44,WCLVAxNYD+DCLQbzwHAZLwqyllA=,qNjpqtYNr3hWc0Rwxz+8sttat8A=
9,-38,WCLVAxNYD+DCLQbzwHAZLwqyllA=,oyGTL/mDuNAzvjgLmWh/ZRTsofo=
4,-41,WCLVAxNYD+DCLQbzwHAZLwqyllA=,qNjpqtYNr3hWc0Rwxz+8sttat8A=
8,-41,WCLVAxNYD+DCLQbzwHAZLwqyllA=,aPQbiZwEvk6L9nMQzgzwHmMVrDM=
6,-41,bJL7n6e0oR7oHuEJamA/mDJq2kg=,qNjpqtYNr3hWc0Rwxz+8sttat8A=
4,-42,WCLVAxNYD+DCLQbzwHAZLwqyllA=,qNjpqtYNr3hWc0Rwxz+8sttat8A=
7,-42,WCLVAxNYD+DCLQbzwHAZLwqyllA=,qNjpqtYNr3hWc0Rwxz+8sttat8A=
8,-40,WCLVAxNYD+DCLQbzwHAZLwqyllA=,oyGTL/mDuNAzvjgLmWh/ZRTsofo=
6,-43,WCLVAxNYD+DCLQbzwHAZLwqyllA=,qNjpqtYNr3hWc0Rwxz+8sttat8A=
11,-43,WCLVAxNYD+DCLQbzwHAZLwqyllA=,aPQbiZwEvk6L9nMQzgzwHmMVrDM=
11,-44,WCLVAxNYD+DCLQbzwHAZLwqyllA=,aPQbiZwEvk6L9nMQzgzwHmMVrDM=
9,-43,WCLVAxNYD+DCLQbzwHAZLwqyllA=,aPQbiZwEvk6L9nMQzgzwHmMVrDM=
5,-43,WCLVAxNYD+DCLQbzwHAZLwqyllA=,qNjpqtYNr3hWc0Rwxz+8sttat8A=
7,-34,WCLVAxNYD+DCLQbzwHAZLwqyllA=,KiPpTclbfWrNFPqTI66sqCdRip8=
10,-43,WCLVAxNYD+DCLQbzwHAZLwqyllA=,aPQbiZwEvk6L9nMQzgzwHmMVrDM=
6,-42,WCLVAxNYD+DCLQbzwHAZLwqyllA=,qNjpqtYNr3hWc0Rwxz+8sttat8A=
11,-42,WCLVAxNYD+DCLQbzwHAZLwqyllA=,aPQbiZwEvk6L9nMQzgzwHmMVrDM=
10,-42,WCLVAxNYD+DCLQbzwHAZLwqyllA=,aPQbiZwEvk6L9nMQzgzwHmMVrDM=
5,-42,WCLVAxNYD+DCLQbzwHAZLwqyllA=,qNjpqtYNr3hWc0Rwxz+8sttat8A=
11,-38,WCLVAxNYD+DCLQbzwHAZLwqyllA=,oyGTL/mDuNAzvjgLmWh/ZRTsofo=
9,-42,WCLVAxNYD+DCLQbzwHAZLwqyllA=,aPQbiZwEvk6L9nMQzgzwHmMVrDM=
10,-44,WCLVAxNYD+DCLQbzwHAZLwqyllA=,aPQbiZwEvk6L9nMQzgzwHmMVrDM=
6,-35,WCLVAxNYD+DCLQbzwHAZLwqyllA=,KiPpTclbfWrNFPqTI66sqCdRip8=
9,-33,WCLVAxNYD+DCLQbzwHAZLwqyllA=,oyGTL/mDuNAzvjgLmWh/ZRTsofo=
8,-43,WCLVAxNYD+DCLQbzwHAZLwqyllA=,aPQbiZwEvk6L9nMQzgzwHmMVrDM=
11,-41,WCLVAxNYD+DCLQbzwHAZLwqyllA=,aPQbiZwEvk6L9nMQzgzwHmMVrDM=
8,-34,WCLVAxNYD+DCLQbzwHAZLwqyllA=,oyGTL/mDuNAzvjgLmWh/ZRTsofo=
7,-40,WCLVAxNYD+DCLQbzwHAZLwqyllA=,KiPpTclbfWrNFPqTI66sqCdRip8=
9,-34,WCLVAxNYD+DCLQbzwHAZLwqyllA=,oyGTL/mDuNAzvjgLmWh/ZRTsofo=
8,-39,WCLVAxNYD+DCLQbzwHAZLwqyllA=,oyGTL/mDuNAzvjgLmWh/ZRTsofo=
8,-44,WCLVAxNYD+DCLQbzwHAZLwqyllA=,aPQbiZwEvk6L9nMQzgzwHmMVrDM=
10,-41,WCLVAxNYD+DCLQbzwHAZLwqyllA=,aPQbiZwEvk6L9nMQzgzwHmMVrDM=
5,-41,bJL7n6e0oR7oHuEJamA/mDJq2kg=,qNjpqtYNr3hWc0Rwxz+8sttat8A=
7,-39,WCLVAxNYD+DCLQbzwHAZLwqyllA=,KiPpTclbfWrNFPqTI66sqCdRip8=
8,-36,WCLVAxNYD+DCLQbzwHAZLwqyllA=,oyGTL/mDuNAzvjgLmWh/ZRTsofo=
5,-35,WCLVAxNYD+DCLQbzwHAZLwqyllA=,KiPpTclbfWrNFPqTI66sqCdRip8=
10,-34,WCLVAxNYD+DCLQbzwHAZLwqyllA=,oyGTL/mDuNAzvjgLmWh/ZRTsofo=
4,-34,WCLVAxNYD+DCLQbzwHAZLwqyllA=,KiPpTclbfWrNFPqTI66sqCdRip8=
11,-40,WCLVAxNYD+DCLQbzwHAZLwqyllA=,oyGTL/mDuNAzvjgLmWh/ZRTsofo=
5,-34,WCLVAxNYD+DCLQbzwHAZLwqyllA=,KiPpTclbfWrNFPqTI66sqCdRip8=
10,-36,WCLVAxNYD+DCLQbzwHAZLwqyllA=,oyGTL/mDuNAzvjgLmWh/ZRTsofo=
8,-42,WCLVAxNYD+DCLQbzwHAZLwqyllA=,aPQbiZwEvk6L9nMQzgzwHmMVrDM=
10,-33,WCLVAxNYD+DCLQbzwHAZLwqyllA=,oyGTL/mDuNAzvjgLmWh/ZRTsofo=
4,-33,WCLVAxNYD+DCLQbzwHAZLwqyllA=,KiPpTclbfWrNFPqTI66sqCdRip8=
9,-36,qbklC1tWaWyzqGnCP40k8EJHWDk=,oyGTL/mDuNAzvjgLmWh/ZRTsofo=
5,-33,WCLVAxNYD+DCLQbzwHAZLwqyllA=,KiPpTclbfWrNFPqTI66sqCdRip8=
11,-36,WCLVAxNYD+DCLQbzwHAZLwqyllA=,oyGTL/mDuNAzvjgLmWh/ZRTsofo=
9,-35,WCLVAxNYD+DCLQbzwHAZLwqyllA=,oyGTL/mDuNAzvjgLmWh/ZRTsofo=
9,-41,WCLVAxNYD+DCLQbzwHAZLwqyllA=,aPQbiZwEvk6L9nMQzgzwHmMVrDM=
6,-33,WCLVAxNYD+DCLQbzwHAZLwqyllA=,KiPpTclbfWrNFPqTI66sqCdRip8=
11,-35,WCLVAxNYD+DCLQbzwHAZLwqyllA=,oyGTL/mDuNAzvjgLmWh/ZRTsofo=
7,-37,WCLVAxNYD+DCLQbzwHAZLwqyllA=,KiPpTclbfWrNFPqTI66sqCdRip8=
4,-36,WCLVAxNYD+DCLQbzwHAZLwqyllA=,KiPpTclbfWrNFPqTI66sqCdRip8=
8,-37,WCLVAxNYD+DCLQbzwHAZLwqyllA=,oyGTL/mDuNAzvjgLmWh/ZRTsofo=
6,-34,WCLVAxNYD+DCLQbzwHAZLwqyllA=,KiPpTclbfWrNFPqTI66sqCdRip8=
6,-36,WCLVAxNYD+DCLQbzwHAZLwqyllA=,KiPpTclbfWrNFPqTI66sqCdRip8=
9,-40,WCLVAxNYD+DCLQbzwHAZLwqyllA=,oyGTL/mDuNAzvjgLmWh/ZRTsofo=
10,-40,WCLVAxNYD+DCLQbzwHAZLwqyllA=,oyGTL/mDuNAzvjgLmWh/ZRTsofo=
11,-33,WCLVAxNYD+DCLQbzwHAZLwqyllA=,oyGTL/mDuNAzvjgLmWh/ZRTsofo=
5,-36,WCLVAxNYD+DCLQbzwHAZLwqyllA=,KiPpTclbfWrNFPqTI66sqCdRip8=
9,-37,WCLVAxNYD+DCLQbzwHAZLwqyllA=,oyGTL/mDuNAzvjgLmWh/ZRTsofo=
8,-33,WCLVAxNYD+DCLQbzwHAZLwqyllA=,oyGTL/mDuNAzvjgLmWh/ZRTsofo=
10,-37,WCLVAxNYD+DCLQbzwHAZLwqyllA=,oyGTL/mDuNAzvjgLmWh/ZRTsofo=
8,-35,WCLVAxNYD+DCLQbzwHAZLwqyllA=,oyGTL/mDuNAzvjgLmWh/ZRTsofo=
10,-39,WCLVAxNYD+DCLQbzwHAZLwqyllA=,oyGTL/mDuNAzvjgLmWh/ZRTsofo=
4,-35,WCLVAxNYD+DCLQbzwHAZLwqyllA=,KiPpTclbfWrNFPqTI66sqCdRip8=
10,-35,WCLVAxNYD+DCLQbzwHAZLwqyllA=,oyGTL/mDuNAzvjgLmWh/ZRTsofo=
11,-37,WCLVAxNYD+DCLQbzwHAZLwqyllA=,oyGTL/mDuNAzvjgLmWh/ZRTsofo=
7,-38,WCLVAxNYD+DCLQbzwHAZLwqyllA=,KiPpTclbfWrNFPqTI66sqCdRip8=
11,-34,WCLVAxNYD+DCLQbzwHAZLwqyllA=,oyGTL/mDuNAzvjgLmWh/ZRTsofo=
11,-39,WCLVAxNYD+DCLQbzwHAZLwqyllA=,oyGTL/mDuNAzvjgLmWh/ZRTsofo=
15,-40,WCLVAxNYD+DCLQbzwHAZLwqyllA=,oyGTL/mDuNAzvjgLmWh/ZRTsofo=
8,-48,WCLVAxNYD+DCLQbzwHAZLwqyllA=,aPQbiZwEvk6L9nMQzgzwHmMVrDM=
12,-33,WCLVAxNYD+DCLQbzwHAZLwqyllA=,oyGTL/mDuNAzvjgLmWh/ZRTsofo=
15,-33,WCLVAxNYD+DCLQbzwHAZLwqyllA=,oyGTL/mDuNAzvjgLmWh/ZRTsofo=
12,-38,WCLVAxNYD+DCLQbzwHAZLwqyllA=,oyGTL/mDuNAzvjgLmWh/ZRTsofo=
13,-33,WCLVAxNYD+DCLQbzwHAZLwqyllA=,oyGTL/mDuNAzvjgLmWh/ZRTsofo=
11,-48,WCLVAxNYD+DCLQbzwHAZLwqyllA=,aPQbiZwEvk6L9nMQzgzwHmMVrDM=
13,-38,WCLVAxNYD+DCLQbzwHAZLwqyllA=,oyGTL/mDuNAzvjgLmWh/ZRTsofo=
14,-33,WCLVAxNYD+DCLQbzwHAZLwqyllA=,oyGTL/mDuNAzvjgLmWh/ZRTsofo=
10,-48,WCLVAxNYD+DCLQbzwHAZLwqyllA=,aPQbiZwEvk6L9nMQzgzwHmMVrDM=
14,-36,WCLVAxNYD+DCLQbzwHAZLwqyllA=,oyGTL/mDuNAzvjgLmWh/ZRTsofo=
14,-34,WCLVAxNYD+DCLQbzwHAZLwqyllA=,oyGTL/mDuNAzvjgLmWh/ZRTsofo=
13,-34,WCLVAxNYD+DCLQbzwHAZLwqyllA=,oyGTL/mDuNAzvjgLmWh/ZRTsofo=
14,-38,WCLVAxNYD+DCLQbzwHAZLwqyllA=,oyGTL/mDuNAzvjgLmWh/ZRTsofo=
9,-48,WCLVAxNYD+DCLQbzwHAZLwqyllA=,aPQbiZwEvk6L9nMQzgzwHmMVrDM=
12,-36,WCLVAxNYD+DCLQbzwHAZLwqyllA=,oyGTL/mDuNAzvjgLmWh/ZRTsofo=
12,-39,WCLVAxNYD+DCLQbzwHAZLwqyllA=,oyGTL/mDuNAzvjgLmWh/ZRTsofo=
12,-35,WCLVAxNYD+DCLQbzwHAZLwqyllA=,oyGTL/mDuNAzvjgLmWh/ZRTsofo=
13,-35,WCLVAxNYD+DCLQbzwHAZLwqyllA=,oyGTL/mDuNAzvjgLmWh/ZRTsofo=
13,-39,WCLVAxNYD+DCLQbzwHAZLwqyllA=,oyGTL/mDuNAzvjgLmWh/ZRTsofo=
8,-45,WCLVAxNYD+DCLQbzwHAZLwqyllA=,aPQbiZwEvk6L9nMQzgzwHmMVrDM=
13,-47,WCLVAxNYD+DCLQbzwHAZLwqyllA=,aPQbiZwEvk6L9nMQzgzwHmMVrDM=
15,-35,WCLVAxNYD+DCLQbzwHAZLwqyllA=,oyGTL/mDuNAzvjgLmWh/ZRTsofo=
15,-42,iTMEuY7xTsGbCjGmkUG2CwQJZ/s=,aPQbiZwEvk6L9nMQzgzwHmMVrDM=
12,-37,WCLVAxNYD+DCLQbzwHAZLwqyllA=,oyGTL/mDuNAzvjgLmWh/ZRTsofo=
13,-37,WCLVAxNYD+DCLQbzwHAZLwqyllA=,oyGTL/mDuNAzvjgLmWh/ZRTsofo=
14,-37,WCLVAxNYD+DCLQbzwHAZLwqyllA=,oyGTL/mDuNAzvjgLmWh/ZRTsofo=
14,-39,WCLVAxNYD+DCLQbzwHAZLwqyllA=,oyGTL/mDuNAzvjgLmWh/ZRTsofo=
15,-36,WCLVAxNYD+DCLQbzwHAZLwqyllA=,oyGTL/mDuNAzvjgLmWh/ZRTsofo=
12,-40,WCLVAxNYD+DCLQbzwHAZLwqyllA=,oyGTL/mDuNAzvjgLmWh/ZRTsofo=
15,-43,HGP5ZQJFhS/tgiIS84RquW7Zqaw=,aPQbiZwEvk6L9nMQzgzwHmMVrDM=
12,-47,WCLVAxNYD+DCLQbzwHAZLwqyllA=,aPQbiZwEvk6L9nMQzgzwHmMVrDM=
14,-35,WCLVAxNYD+DCLQbzwHAZLwqyllA=,oyGTL/mDuNAzvjgLmWh/ZRTsofo=
15,-39,WCLVAxNYD+DCLQbzwHAZLwqyllA=,oyGTL/mDuNAzvjgLmWh/ZRTsofo=
15,-41,qbklC1tWaWyzqGnCP40k8EJHWDk=,aPQbiZwEvk6L9nMQzgzwHmMVrDM=
13,-40,WCLVAxNYD+DCLQbzwHAZLwqyllA=,oyGTL/mDuNAzvjgLmWh/ZRTsofo=
0,-34,WCLVAxNYD+DCLQbzwHAZLwqyllA=,KiPpTclbfWrNFPqTI66sqCdRip8=
14,-40,WCLVAxNYD+DCLQbzwHAZLwqyllA=,oyGTL/mDuNAzvjgLmWh/ZRTsofo=
10,-47,WCLVAxNYD+DCLQbzwHAZLwqyllA=,aPQbiZwEvk6L9nMQzgzwHmMVrDM=
9,-47,WCLVAxNYD+DCLQbzwHAZLwqyllA=,aPQbiZwEvk6L9nMQzgzwHmMVrDM=
14,-47,WCLVAxNYD+DCLQbzwHAZLwqyllA=,aPQbiZwEvk6L9nMQzgzwHmMVrDM=
12,-46,WCLVAxNYD+DCLQbzwHAZLwqyllA=,aPQbiZwEvk6L9nMQzgzwHmMVrDM=
12,-34,WCLVAxNYD+DCLQbzwHAZLwqyllA=,oyGTL/mDuNAzvjgLmWh/ZRTsofo=
15,-48,WCLVAxNYD+DCLQbzwHAZLwqyllA=,aPQbiZwEvk6L9nMQzgzwHmMVrDM=
15,-38,WCLVAxNYD+DCLQbzwHAZLwqyllA=,oyGTL/mDuNAzvjgLmWh/ZRTsofo=
15,-37,WCLVAxNYD+DCLQbzwHAZLwqyllA=,oyGTL/mDuNAzvjgLmWh/ZRTsofo=
11,-47,WCLVAxNYD+DCLQbzwHAZLwqyllA=,aPQbiZwEvk6L9nMQzgzwHmMVrDM=
11,-46,WCLVAxNYD+DCLQbzwHAZLwqyllA=,aPQbiZwEvk6L9nMQzgzwHmMVrDM=
1,-44,WCLVAxNYD+DCLQbzwHAZLwqyllA=,qNjpqtYNr3hWc0Rwxz+8sttat8A=
4,-48,WCLVAxNYD+DCLQbzwHAZLwqyllA=,qNjpqtYNr3hWc0Rwxz+8sttat8A=
8,-46,WCLVAxNYD+DCLQbzwHAZLwqyllA=,aPQbiZwEvk6L9nMQzgzwHmMVrDM=
1,-48,WCLVAxNYD+DCLQbzwHAZLwqyllA=,qNjpqtYNr3hWc0Rwxz+8sttat8A=
10,-46,WCLVAxNYD+DCLQbzwHAZLwqyllA=,aPQbiZwEvk6L9nMQzgzwHmMVrDM=
0,-35,WCLVAxNYD+DCLQbzwHAZLwqyllA=,KiPpTclbfWrNFPqTI66sqCdRip8=
9,-46,WCLVAxNYD+DCLQbzwHAZLwqyllA=,aPQbiZwEvk6L9nMQzgzwHmMVrDM=
15,-44,WCLVAxNYD+DCLQbzwHAZLwqyllA=,aPQbiZwEvk6L9nMQzgzwHmMVrDM=
0,-48,WCLVAxNYD+DCLQbzwHAZLwqyllA=,qNjpqtYNr3hWc0Rwxz+8sttat8A=
2,-44,WCLVAxNYD+DCLQbzwHAZLwqyllA=,qNjpqtYNr3hWc0Rwxz+8sttat8A=
0,-41,WCLVAxNYD+DCLQbzwHAZLwqyllA=,qNjpqtYNr3hWc0Rwxz+8sttat8A=
13,-46,WCLVAxNYD+DCLQbzwHAZLwqyllA=,aPQbiZwEvk6L9nMQzgzwHmMVrDM=
15,-34,WCLVAxNYD+DCLQbzwHAZLwqyllA=,oyGTL/mDuNAzvjgLmWh/ZRTsofo=
1,-43,WCLVAxNYD+DCLQbzwHAZLwqyllA=,qNjpqtYNr3hWc0Rwxz+8sttat8A=
14,-46,WCLVAxNYD+DCLQbzwHAZLwqyllA=,aPQbiZwEvk6L9nMQzgzwHmMVrDM=
1,-46,WCLVAxNYD+DCLQbzwHAZLwqyllA=,qNjpqtYNr3hWc0Rwxz+8sttat8A=
3,-44,WCLVAxNYD+DCLQbzwHAZLwqyllA=,qNjpqtYNr3hWc0Rwxz+8sttat8A=
2,-46,WCLVAxNYD+DCLQbzwHAZLwqyllA=,qNjpqtYNr3hWc0Rwxz+8sttat8A=
2,-43,WCLVAxNYD+DCLQbzwHAZLwqyllA=,qNjpqtYNr3hWc0Rwxz+8sttat8A=
3,-46,WCLVAxNYD+DCLQbzwHAZLwqyllA=,qNjpqtYNr3hWc0Rwxz+8sttat8A=
9,-45,WCLVAxNYD+DCLQbzwHAZLwqyllA=,aPQbiZwEvk6L9nMQzgzwHmMVrDM=
15,-45,bJL7n6e0oR7oHuEJamA/mDJq2kg=,aPQbiZwEvk6L9nMQzgzwHmMVrDM=
8,-47,WCLVAxNYD+DCLQbzwHAZLwqyllA=,aPQbiZwEvk6L9nMQzgzwHmMVrDM=
1,-40,WCLVAxNYD+DCLQbzwHAZLwqyllA=,KiPpTclbfWrNFPqTI66sqCdRip8=
12,-45,WCLVAxNYD+DCLQbzwHAZLwqyllA=,aPQbiZwEvk6L9nMQzgzwHmMVrDM=
2,-48,WCLVAxNYD+DCLQbzwHAZLwqyllA=,qNjpqtYNr3hWc0Rwxz+8sttat8A=
13,-45,WCLVAxNYD+DCLQbzwHAZLwqyllA=,aPQbiZwEvk6L9nMQzgzwHmMVrDM=
3,-43,WCLVAxNYD+DCLQbzwHAZLwqyllA=,qNjpqtYNr3hWc0Rwxz+8sttat8A=
10,-45,WCLVAxNYD+DCLQbzwHAZLwqyllA=,aPQbiZwEvk6L9nMQzgzwHmMVrDM=
14,-45,WCLVAxNYD+DCLQbzwHAZLwqyllA=,aPQbiZwEvk6L9nMQzgzwHmMVrDM=
11,-45,WCLVAxNYD+DCLQbzwHAZLwqyllA=,aPQbiZwEvk6L9nMQzgzwHmMVrDM=
2,-40,WCLVAxNYD+DCLQbzwHAZLwqyllA=,KiPpTclbfWrNFPqTI66sqCdRip8=
2,-33,WCLVAxNYD+DCLQbzwHAZLwqyllA=,KiPpTclbfWrNFPqTI66sqCdRip8=
13,-36,WCLVAxNYD+DCLQbzwHAZLwqyllA=,oyGTL/mDuNAzvjgLmWh/ZRTsofo=
1,-45,WCLVAxNYD+DCLQbzwHAZLwqyllA=,qNjpqtYNr3hWc0Rwxz+8sttat8A=
15,-46,bJL7n6e0oR7oHuEJamA/mDJq2kg=,aPQbiZwEvk6L9nMQzgzwHmMVrDM=
1,-42,WCLVAxNYD+DCLQbzwHAZLwqyllA=,qNjpqtYNr3hWc0Rwxz+8sttat8A=
5,-48,WCLVAxNYD+DCLQbzwHAZLwqyllA=,qNjpqtYNr3hWc0Rwxz+8sttat8A=
0,-36,WCLVAxNYD+DCLQbzwHAZLwqyllA=,KiPpTclbfWrNFPqTI66sqCdRip8=
2,-45,WCLVAxNYD+DCLQbzwHAZLwqyllA=,qNjpqtYNr3hWc0Rwxz+8sttat8A=
3,-48,WCLVAxNYD+DCLQbzwHAZLwqyllA=,qNjpqtYNr3hWc0Rwxz+8sttat8A=
12,-44,WCLVAxNYD+DCLQbzwHAZLwqyllA=,aPQbiZwEvk6L9nMQzgzwHmMVrDM=
3,-40,WCLVAxNYD+DCLQbzwHAZLwqyllA=,KiPpTclbfWrNFPqTI66sqCdRip8=
3,-45,WCLVAxNYD+DCLQbzwHAZLwqyllA=,qNjpqtYNr3hWc0Rwxz+8sttat8A=
0,-42,WCLVAxNYD+DCLQbzwHAZLwqyllA=,qNjpqtYNr3hWc0Rwxz+8sttat8A=
13,-44,WCLVAxNYD+DCLQbzwHAZLwqyllA=,aPQbiZwEvk6L9nMQzgzwHmMVrDM=
14,-44,WCLVAxNYD+DCLQbzwHAZLwqyllA=,aPQbiZwEvk6L9nMQzgzwHmMVrDM=
1,-47,WCLVAxNYD+DCLQbzwHAZLwqyllA=,qNjpqtYNr3hWc0Rwxz+8sttat8A=
1,-33,WCLVAxNYD+DCLQbzwHAZLwqyllA=,KiPpTclbfWrNFPqTI66sqCdRip8=
15,-47,iTMEuY7xTsGbCjGmkUG2CwQJZ/s=,aPQbiZwEvk6L9nMQzgzwHmMVrDM=
2,-42,WCLVAxNYD+DCLQbzwHAZLwqyllA=,qNjpqtYNr3hWc0Rwxz+8sttat8A=
2,-47,WCLVAxNYD+DCLQbzwHAZLwqyllA=,qNjpqtYNr3hWc0Rwxz+8sttat8A=
1,-39,WCLVAxNYD+DCLQbzwHAZLwqyllA=,KiPpTclbfWrNFPqTI66sqCdRip8=
12,-43,WCLVAxNYD+DCLQbzwHAZLwqyllA=,aPQbiZwEvk6L9nMQzgzwHmMVrDM=
4,-47,WCLVAxNYD+DCLQbzwHAZLwqyllA=,qNjpqtYNr3hWc0Rwxz+8sttat8A=
5,-47,WCLVAxNYD+DCLQbzwHAZLwqyllA=,qNjpqtYNr3hWc0Rwxz+8sttat8A=
0,-46,WCLVAxNYD+DCLQbzwHAZLwqyllA=,qNjpqtYNr3hWc0Rwxz+8sttat8A=
3,-47,WCLVAxNYD+DCLQbzwHAZLwqyllA=,qNjpqtYNr3hWc0Rwxz+8sttat8A=
14,-43,WCLVAxNYD+DCLQbzwHAZLwqyllA=,aPQbiZwEvk6L9nMQzgzwHmMVrDM=
14,-48,HGP5ZQJFhS/tgiIS84RquW7Zqaw=,aPQbiZwEvk6L9nMQzgzwHmMVrDM=
13,-43,WCLVAxNYD+DCLQbzwHAZLwqyllA=,aPQbiZwEvk6L9nMQzgzwHmMVrDM=
12,-42,WCLVAxNYD+DCLQbzwHAZLwqyllA=,aPQbiZwEvk6L9nMQzgzwHmMVrDM=
3,-33,WCLVAxNYD+DCLQbzwHAZLwqyllA=,KiPpTclbfWrNFPqTI66sqCdRip8=
5,-46,WCLVAxNYD+DCLQbzwHAZLwqyllA=,qNjpqtYNr3hWc0Rwxz+8sttat8A=
6,-47,WCLVAxNYD+DCLQbzwHAZLwqyllA=,qNjpqtYNr3hWc0Rwxz+8sttat8A=
13,-42,WCLVAxNYD+DCLQbzwHAZLwqyllA=,aPQbiZwEvk6L9nMQzgzwHmMVrDM=
2,-39,WCLVAxNYD+DCLQbzwHAZLwqyllA=,KiPpTclbfWrNFPqTI66sqCdRip8=
13,-48,WCLVAxNYD+DCLQbzwHAZLwqyllA=,aPQbiZwEvk6L9nMQzgzwHmMVrDM=
6,-46,WCLVAxNYD+DCLQbzwHAZLwqyllA=,qNjpqtYNr3hWc0Rwxz+8sttat8A=
0,-45,WCLVAxNYD+DCLQbzwHAZLwqyllA=,qNjpqtYNr3hWc0Rwxz+8sttat8A=
0,-47,WCLVAxNYD+DCLQbzwHAZLwqyllA=,qNjpqtYNr3hWc0Rwxz+8sttat8A=
3,-42,WCLVAxNYD+DCLQbzwHAZLwqyllA=,qNjpqtYNr3hWc0Rwxz+8sttat8A=
14,-41,WCLVAxNYD+DCLQbzwHAZLwqyllA=,aPQbiZwEvk6L9nMQzgzwHmMVrDM=
14,-42,WCLVAxNYD+DCLQbzwHAZLwqyllA=,aPQbiZwEvk6L9nMQzgzwHmMVrDM=
4,-46,WCLVAxNYD+DCLQbzwHAZLwqyllA=,qNjpqtYNr3hWc0Rwxz+8sttat8A=
13,-41,WCLVAxNYD+DCLQbzwHAZLwqyllA=,aPQbiZwEvk6L9nMQzgzwHmMVrDM=
6,-48,WCLVAxNYD+DCLQbzwHAZLwqyllA=,qNjpqtYNr3hWc0Rwxz+8sttat8A=
1,-38,WCLVAxNYD+DCLQbzwHAZLwqyllA=,KiPpTclbfWrNFPqTI66sqCdRip8=
0,-43,WCLVAxNYD+DCLQbzwHAZLwqyllA=,qNjpqtYNr3hWc0Rwxz+8sttat8A=
7,-47,WCLVAxNYD+DCLQbzwHAZLwqyllA=,qNjpqtYNr3hWc0Rwxz+8sttat8A=
2,-38,WCLVAxNYD+DCLQbzwHAZLwqyllA=,KiPpTclbfWrNFPqTI66sqCdRip8=
0,-37,WCLVAxNYD+DCLQbzwHAZLwqyllA=,KiPpTclbfWrNFPqTI66sqCdRip8=
1,-41,WCLVAxNYD+DCLQbzwHAZLwqyllA=,qNjpqtYNr3hWc0Rwxz+8sttat8A=
12,-41,WCLVAxNYD+DCLQbzwHAZLwqyllA=,aPQbiZwEvk6L9nMQzgzwHmMVrDM=
3,-39,WCLVAxNYD+DCLQbzwHAZLwqyllA=,KiPpTclbfWrNFPqTI66sqCdRip8=
12,-48,WCLVAxNYD+DCLQbzwHAZLwqyllA=,aPQbiZwEvk6L9nMQzgzwHmMVrDM=
6,-45,WCLVAxNYD+DCLQbzwHAZLwqyllA=,qNjpqtYNr3hWc0Rwxz+8sttat8A=
3,-38,WCLVAxNYD+DCLQbzwHAZLwqyllA=,KiPpTclbfWrNFPqTI66sqCdRip8=
4,-45,WCLVAxNYD+DCLQbzwHAZLwqyllA=,qNjpqtYNr3hWc0Rwxz+8sttat8A=
3,-37,WCLVAxNYD+DCLQbzwHAZLwqyllA=,KiPpTclbfWrNFPqTI66sqCdRip8=
5,-45,WCLVAxNYD+DCLQbzwHAZLwqyllA=,qNjpqtYNr3hWc0Rwxz+8sttat8A=
2,-41,WCLVAxNYD+DCLQbzwHAZLwqyllA=,qNjpqtYNr3hWc0Rwxz+8sttat8A=
3,-36,WCLVAxNYD+DCLQbzwHAZLwqyllA=,KiPpTclbfWrNFPqTI66sqCdRip8=
3,-35,WCLVAxNYD+DCLQbzwHAZLwqyllA=,KiPpTclbfWrNFPqTI66sqCdRip8=
2,-35,WCLVAxNYD+DCLQbzwHAZLwqyllA=,KiPpTclbfWrNFPqTI66sqCdRip8=
2,-36,WCLVAxNYD+DCLQbzwHAZLwqyllA=,KiPpTclbfWrNFPqTI66sqCdRip8=
2,-34,WCLVAxNYD+DCLQbzwHAZLwqyllA=,KiPpTclbfWrNFPqTI66sqCdRip8=
1,-35,WCLVAxNYD+DCLQbzwHAZLwqyllA=,KiPpTclbfWrNFPqTI66sqCdRip8=
7,-46,WCLVAxNYD+DCLQbzwHAZLwqyllA=,qNjpqtYNr3hWc0Rwxz+8sttat8A=
0,-33,WCLVAxNYD+DCLQbzwHAZLwqyllA=,KiPpTclbfWrNFPqTI66sqCdRip8=
2,-37,WCLVAxNYD+DCLQbzwHAZLwqyllA=,KiPpTclbfWrNFPqTI66sqCdRip8=
1,-36,WCLVAxNYD+DCLQbzwHAZLwqyllA=,KiPpTclbfWrNFPqTI66sqCdRip8=
1,-37,WCLVAxNYD+DCLQbzwHAZLwqyllA=,KiPpTclbfWrNFPqTI66sqCdRip8=
3,-41,WCLVAxNYD+DCLQbzwHAZLwqyllA=,qNjpqtYNr3hWc0Rwxz+8sttat8A=
0,-44,WCLVAxNYD+DCLQbzwHAZLwqyllA=,qNjpqtYNr3hWc0Rwxz+8sttat8A=
7,-45,WCLVAxNYD+DCLQbzwHAZLwqyllA=,qNjpqtYNr3hWc0Rwxz+8sttat8A=
7,-48,WCLVAxNYD+DCLQbzwHAZLwqyllA=,qNjpqtYNr3hWc0Rwxz+8sttat8A=
3,-34,WCLVAxNYD+DCLQbzwHAZLwqyllA=,KiPpTclbfWrNFPqTI66sqCdRip8=
1,-34,WCLVAxNYD+DCLQbzwHAZLwqyllA=,KiPpTclbfWrNFPqTI66sqCdRip8=
0,-40,WCLVAxNYD+DCLQbzwHAZLwqyllA=,KiPpTclbfWrNFPqTI66sqCdRip8=
0,-38,WCLVAxNYD+DCLQbzwHAZLwqyllA=,KiPpTclbfWrNFPqTI66sqCdRip8=
0,-39,WCLVAxNYD+DCLQbzwHAZLwqyllA=,KiPpTclbfWrNFPqTI66sqCdRip8=
