40,73,+oDWvm27/77yarJafp5XJgApqBs=,hsMl6CYT/izinSqHv4WXpebeb2k=
41,70,Gp60C7GjTtbTJyi77sZzu3sOVao=,hm7vBPHU2NQcMEODHAqWiURcmGk=
42,71,Gp60C7GjTtbTJyi77sZzu3sOVao=,hm7vBPHU2NQcMEODHAqWiURcmGk=
39,72,+oDWvm27/77yarJafp5XJgApqBs=,U63YNozz8g5AFbqP/Ct9jJzaIbs=
40,68,mjE52d872qhuI1GmsAORBPdH/9A=,hm7vBPHU2NQcMEODHAqWiURcmGk=
42,74,+oDWvm27/77yarJafp5XJgApqBs=,hsMl6CYT/izinSqHv4WXpebeb2k=
42,75,+oDWvm27/77yarJafp5XJgApqBs=,hsMl6CYT/izinSqHv4WXpebeb2k=
41,68,mjE52d872qhuI1GmsAORBPdH/9A=,hm7vBPHU2NQcMEODHAqWiURcmGk=
41,73,+oDWvm27/77yarJafp5XJgApqBs=,hsMl6CYT/izinSqHv4WXpebeb2k=
41,75,+oDWvm27/77yarJafp5XJgApqBs=,hsMl6CYT/izinSqHv4WXpebeb2k=
42,70,GcI40RA33dBdZcFW70v+NmEtJbg=,hm7vBPHU2NQcMEODHAqWiURcmGk=
43,74,+oDWvm27/77yarJafp5XJgApqBs=,hsMl6CYT/izinSqHv4WXpebeb2k=
41,71,tTLp1C2KiZNotMF0UxrwS//JgFM=,hm7vBPHU2NQcMEODHAqWiURcmGk=
41,74,+oDWvm27/77yarJafp5XJgApqBs=,hsMl6CYT/izinSqHv4WXpebeb2k=
40,71,mjE52d872qhuI1GmsAORBPdH/9A=,hm7vBPHU2NQcMEODHAqWiURcmGk=
40,75,+oDWvm27/77yarJafp5XJgApqBs=,hsMl6CYT/izinSqHv4WXpebeb2k=
43,75,+oDWvm27/77yarJafp5XJgApqBs=,hsMl6CYT/izinSqHv4WXpebeb2k=
41,72,+oDWvm27/77yarJafp5XJgApqBs=,hsMl6CYT/izinSqHv4WXpebeb2k=
42,68,+oDWvm27/77yarJafp5XJgApqBs=,hm7vBPHU2NQcMEODHAqWiURcmGk=
40,72,GcI40RA33dBdZcFW70v+NmEtJbg=,hsMl6CYT/izinSqHv4WXpebeb2k=
36,74,tTLp1C2KiZNotMF0UxrwS//JgFM=,U63YNozz8g5AFbqP/Ct9jJzaIbs=
43,73,+oDWvm27/77yarJafp5XJgApqBs=,hsMl6CYT/izinSqHv4WXpebeb2k=
43,68,Gp60C7GjTtbTJyi77sZzu3sOVao=,hm7vBPHU2NQcMEODHAqWiURcmGk=
41,69,tTLp1C2KiZNotMF0UxrwS//JgFM=,hm7vBPHU2NQcMEODHAqWiURcmGk=
42,73,+oDWvm27/77yarJafp5XJgApqBs=,hsMl6CYT/izinSqHv4WXpebeb2k=
42,72,+oDWvm27/77yarJafp5XJgApqBs=,hsMl6CYT/izinSqHv4WXpebeb2k=
39,69,mjE52d872qhuI1GmsAORBPdH/9A=,pcypOzULOyi+ulqpcsaeH+ESNrE=
40,70,+oDWvm27/77yarJafp5XJgApqBs=,hm7vBPHU2NQcMEODHAqWiURcmGk=
39,70,+oDWvm27/77yarJafp5XJgApqBs=,pcypOzULOyi+ulqpcsaeH+ESNrE=
43,70,+oDWvm27/77yarJafp5XJgApqBs=,hm7vBPHU2NQcMEODHAqWiURcmGk=
40,74,+oDWvm27/77yarJafp5XJgApqBs=,hsMl6CYT/izinSqHv4WXpebeb2k=
37,74,Gp60C7GjTtbTJyi77sZzu3sOVao=,U63YNozz8g5AFbqP/Ct9jJzaIbs=
40,69,Gp60C7GjTtbTJyi77sZzu3sOVao=,hm7vBPHU2NQcMEODHAqWiURcmGk=
43,71,+oDWvm27/77yarJafp5XJgApqBs=,hm7vBPHU2NQcMEODHAqWiURcmGk=
36,75,tTLp1C2KiZNotMF0UxrwS//JgFM=,U63YNozz8g5AFbqP/Ct9jJzaIbs=
36,73,tTLp1C2KiZNotMF0UxrwS//JgFM=,U63YNozz8g5AFbqP/Ct9jJzaIbs=
37,73,tTLp1C2KiZNotMF0UxrwS//JgFM=,U63YNozz8g5AFbqP/Ct9jJzaIbs=
37,75,Gp60C7GjTtbTJyi77sZzu3sOVao=,U63YNozz8g5AFbqP/Ct9jJzaIbs=
38,73,tTLp1C2KiZNotMF0UxrwS//JgFM=,U63YNozz8g5AFbqP/Ct9jJzaIbs=
43,72,+oDWvm27/77yarJafp5XJgApqBs=,hsMl6CYT/izinSqHv4WXpebeb2k=
36,68,+oDWvm27/77yarJafp5XJgApqBs=,pcypOzULOyi+ulqpcsaeH+ESNrE=
38,74,Gp60C7GjTtbTJyi77sZzu3sOVao=,U63YNozz8g5AFbqP/Ct9jJzaIbs=
39,71,tTLp1C2KiZNotMF0UxrwS//JgFM=,pcypOzULOyi+ulqpcsaeH+ESNrE=
42,69,+oDWvm27/77yarJafp5XJgApqBs=,hm7vBPHU2NQcMEODHAqWiURcmGk=
36,69,+oDWvm27/77yarJafp5XJgApqBs=,pcypOzULOyi+ulqpcsaeH+ESNrE=
38,75,+oDWvm27/77yarJafp5XJgApqBs=,U63YNozz8g5AFbqP/Ct9jJzaIbs=
36,72,GcI40RA33dBdZcFW70v+NmEtJbg=,U63YNozz8g5AFbqP/Ct9jJzaIbs=
36,70,+oDWvm27/77yarJafp5XJgApqBs=,pcypOzULOyi+ulqpcsaeH+ESNrE=
39,68,Gp60C7GjTtbTJyi77sZzu3sOVao=,pcypOzULOyi+ulqpcsaeH+ESNrE=
38,72,+oDWvm27/77yarJafp5XJgApqBs=,U63YNozz8g5AFbqP/Ct9jJzaIbs=
43,69,+oDWvm27/77yarJafp5XJgApqBs=,hm7vBPHU2NQcMEODHAqWiURcmGk=
37,70,+oDWvm27/77yarJafp5XJgApqBs=,pcypOzULOyi+ulqpcsaeH+ESNrE=
37,68,+oDWvm27/77yarJafp5XJgApqBs=,pcypOzULOyi+ulqpcsaeH+ESNrE=
37,72,GcI40RA33dBdZcFW70v+NmEtJbg=,U63YNozz8g5AFbqP/Ct9jJzaIbs=
38,70,+oDWvm27/77yarJafp5XJgApqBs=,pcypOzULOyi+ulqpcsaeH+ESNrE=
38,69,+oDWvm27/77yarJafp5XJgApqBs=,pcypOzULOyi+ulqpcsaeH+ESNrE=
38,71,+oDWvm27/77yarJafp5XJgApqBs=,pcypOzULOyi+ulqpcsaeH+ESNrE=
38,68,+oDWvm27/77yarJafp5XJgApqBs=,pcypOzULOyi+ulqpcsaeH+ESNrE=
39,75,Gp60C7GjTtbTJyi77sZzu3sOVao=,U63YNozz8g5AFbqP/Ct9jJzaIbs=
36,71,+oDWvm27/77yarJafp5XJgApqBs=,pcypOzULOyi+ulqpcsaeH+ESNrE=
47,72,+oDWvm27/77yarJafp5XJgApqBs=,hsMl6CYT/izinSqHv4WXpebeb2k=
34,66,+oDWvm27/77yarJafp5XJgApqBs=,pcypOzULOyi+ulqpcsaeH+ESNrE=
35,67,+oDWvm27/77yarJafp5XJgApqBs=,pcypOzULOyi+ulqpcsaeH+ESNrE=
34,67,+oDWvm27/77yarJafp5XJgApqBs=,pcypOzULOyi+ulqpcsaeH+ESNrE=
33,66,+oDWvm27/77yarJafp5XJgApqBs=,pcypOzULOyi+ulqpcsaeH+ESNrE=
39,64,+oDWvm27/77yarJafp5XJgApqBs=,pcypOzULOyi+ulqpcsaeH+ESNrE=
39,74,mjE52d872qhuI1GmsAORBPdH/9A=,U63YNozz8g5AFbqP/Ct9jJzaIbs=
32,64,+oDWvm27/77yarJafp5XJgApqBs=,pcypOzULOyi+ulqpcsaeH+ESNrE=
47,71,+oDWvm27/77yarJafp5XJgApqBs=,hm7vBPHU2NQcMEODHAqWiURcmGk=
33,67,+oDWvm27/77yarJafp5XJgApqBs=,pcypOzULOyi+ulqpcsaeH+ESNrE=
47,70,+oDWvm27/77yarJafp5XJgApqBs=,hm7vBPHU2NQcMEODHAqWiURcmGk=
35,66,+oDWvm27/77yarJafp5XJgApqBs=,pcypOzULOyi+ulqpcsaeH+ESNrE=
37,64,+oDWvm27/77yarJafp5XJgApqBs=,pcypOzULOyi+ulqpcsaeH+ESNrE=
45,74,+oDWvm27/77yarJafp5XJgApqBs=,hsMl6CYT/izinSqHv4WXpebeb2k=
46,71,+oDWvm27/77yarJafp5XJgApqBs=,hm7vBPHU2NQcMEODHAqWiURcmGk=
32,71,+oDWvm27/77yarJafp5XJgApqBs=,pcypOzULOyi+ulqpcsaeH+ESNrE=
47,73,+oDWvm27/77yarJafp5XJgApqBs=,hsMl6CYT/izinSqHv4WXpebeb2k=
32,68,+oDWvm27/77yarJafp5XJgApqBs=,pcypOzULOyi+ulqpcsaeH+ESNrE=
44,64,+oDWvm27/77yarJafp5XJgApqBs=,hm7vBPHU2NQcMEODHAqWiURcmGk=
37,71,+oDWvm27/77yarJafp5XJgApqBs=,pcypOzULOyi+ulqpcsaeH+ESNrE=
39,73,+oDWvm27/77yarJafp5XJgApqBs=,U63YNozz8g5AFbqP/Ct9jJzaIbs=
44,74,+oDWvm27/77yarJafp5XJgApqBs=,hsMl6CYT/izinSqHv4WXpebeb2k=
33,65,+oDWvm27/77yarJafp5XJgApqBs=,pcypOzULOyi+ulqpcsaeH+ESNrE=
44,71,+oDWvm27/77yarJafp5XJgApqBs=,hm7vBPHU2NQcMEODHAqWiURcmGk=
38,64,+oDWvm27/77yarJafp5XJgApqBs=,pcypOzULOyi+ulqpcsaeH+ESNrE=
36,67,+oDWvm27/77yarJafp5XJgApqBs=,pcypOzULOyi+ulqpcsaeH+ESNrE=
45,71,+oDWvm27/77yarJafp5XJgApqBs=,hm7vBPHU2NQcMEODHAqWiURcmGk=
40,64,+oDWvm27/77yarJafp5XJgApqBs=,hm7vBPHU2NQcMEODHAqWiURcmGk=
47,75,+oDWvm27/77yarJafp5XJgApqBs=,hsMl6CYT/izinSqHv4WXpebeb2k=
32,65,+oDWvm27/77yarJafp5XJgApqBs=,pcypOzULOyi+ulqpcsaeH+ESNrE=
37,69,+oDWvm27/77yarJafp5XJgApqBs=,pcypOzULOyi+ulqpcsaeH+ESNrE=
45,64,+oDWvm27/77yarJafp5XJgApqBs=,hm7vBPHU2NQcMEODHAqWiURcmGk=
46,74,+oDWvm27/77yarJafp5XJgApqBs=,hsMl6CYT/izinSqHv4WXpebeb2k=
36,64,+oDWvm27/77yarJafp5XJgApqBs=,pcypOzULOyi+ulqpcsaeH+ESNrE=
32,70,+oDWvm27/77yarJafp5XJgApqBs=,pcypOzULOyi+ulqpcsaeH+ESNrE=
46,70,+oDWvm27/77yarJafp5XJgApqBs=,hm7vBPHU2NQcMEODHAqWiURcmGk=
47,69,+oDWvm27/77yarJafp5XJgApqBs=,hm7vBPHU2NQcMEODHAqWiURcmGk=
47,74,+oDWvm27/77yarJafp5XJgApqBs=,hsMl6CYT/izinSqHv4WXpebeb2k=
40,66,+oDWvm27/77yarJafp5XJgApqBs=,hm7vBPHU2NQcMEODHAqWiURcmGk=
47,78,+oDWvm27/77yarJafp5XJgApqBs=,hsMl6CYT/izinSqHv4WXpebeb2k=
41,64,+oDWvm27/77yarJafp5XJgApqBs=,hm7vBPHU2NQcMEODHAqWiURcmGk=
32,67,+oDWvm27/77yarJafp5XJgApqBs=,pcypOzULOyi+ulqpcsaeH+ESNrE=
44,76,+oDWvm27/77yarJafp5XJgApqBs=,hsMl6CYT/izinSqHv4WXpebeb2k=
39,78,+oDWvm27/77yarJafp5XJgApqBs=,U63YNozz8g5AFbqP/Ct9jJzaIbs=
47,77,+oDWvm27/77yarJafp5XJgApqBs=,hsMl6CYT/izinSqHv4WXpebeb2k=
44,72,+oDWvm27/77yarJafp5XJgApqBs=,hsMl6CYT/izinSqHv4WXpebeb2k=
44,75,+oDWvm27/77yarJafp5XJgApqBs=,hsMl6CYT/izinSqHv4WXpebeb2k=
45,76,+oDWvm27/77yarJafp5XJgApqBs=,hsMl6CYT/izinSqHv4WXpebeb2k=
46,64,+oDWvm27/77yarJafp5XJgApqBs=,hm7vBPHU2NQcMEODHAqWiURcmGk=
41,66,+oDWvm27/77yarJafp5XJgApqBs=,hm7vBPHU2NQcMEODHAqWiURcmGk=
45,70,+oDWvm27/77yarJafp5XJgApqBs=,hm7vBPHU2NQcMEODHAqWiURcmGk=
36,66,+oDWvm27/77yarJafp5XJgApqBs=,pcypOzULOyi+ulqpcsaeH+ESNrE=
44,70,+oDWvm27/77yarJafp5XJgApqBs=,hm7vBPHU2NQcMEODHAqWiURcmGk=
47,76,+oDWvm27/77yarJafp5XJgApqBs=,hsMl6CYT/izinSqHv4WXpebeb2k=
32,69,+oDWvm27/77yarJafp5XJgApqBs=,pcypOzULOyi+ulqpcsaeH+ESNrE=
42,64,+oDWvm27/77yarJafp5XJgApqBs=,hm7vBPHU2NQcMEODHAqWiURcmGk=
39,66,+oDWvm27/77yarJafp5XJgApqBs=,pcypOzULOyi+ulqpcsaeH+ESNrE=
46,76,+oDWvm27/77yarJafp5XJgApqBs=,hsMl6CYT/izinSqHv4WXpebeb2k=
45,75,+oDWvm27/77yarJafp5XJgApqBs=,hsMl6CYT/izinSqHv4WXpebeb2k=
46,78,+oDWvm27/77yarJafp5XJgApqBs=,hsMl6CYT/izinSqHv4WXpebeb2k=
37,67,+oDWvm27/77yarJafp5XJgApqBs=,pcypOzULOyi+ulqpcsaeH+ESNrE=
45,72,+oDWvm27/77yarJafp5XJgApqBs=,hsMl6CYT/izinSqHv4WXpebeb2k=
46,75,+oDWvm27/77yarJafp5XJgApqBs=,hsMl6CYT/izinSqHv4WXpebeb2k=
45,78,+oDWvm27/77yarJafp5XJgApqBs=,hsMl6CYT/izinSqHv4WXpebeb2k=
34,65,+oDWvm27/77yarJafp5XJgApqBs=,pcypOzULOyi+ulqpcsaeH+ESNrE=
32,66,+oDWvm27/77yarJafp5XJgApqBs=,pcypOzULOyi+ulqpcsaeH+ESNrE=
38,67,+oDWvm27/77yarJafp5XJgApqBs=,pcypOzULOyi+ulqpcsaeH+ESNrE=
39,77,+oDWvm27/77yarJafp5XJgApqBs=,U63YNozz8g5AFbqP/Ct9jJzaIbs=
36,76,+oDWvm27/77yarJafp5XJgApqBs=,U63YNozz8g5AFbqP/Ct9jJzaIbs=
44,78,+oDWvm27/77yarJafp5XJgApqBs=,hsMl6CYT/izinSqHv4WXpebeb2k=
37,66,+oDWvm27/77yarJafp5XJgApqBs=,pcypOzULOyi+ulqpcsaeH+ESNrE=
47,65,+oDWvm27/77yarJafp5XJgApqBs=,hm7vBPHU2NQcMEODHAqWiURcmGk=
46,69,+oDWvm27/77yarJafp5XJgApqBs=,hm7vBPHU2NQcMEODHAqWiURcmGk=
42,66,+oDWvm27/77yarJafp5XJgApqBs=,hm7vBPHU2NQcMEODHAqWiURcmGk=
45,69,+oDWvm27/77yarJafp5XJgApqBs=,hm7vBPHU2NQcMEODHAqWiURcmGk=
43,64,+oDWvm27/77yarJafp5XJgApqBs=,hm7vBPHU2NQcMEODHAqWiURcmGk=
44,69,+oDWvm27/77yarJafp5XJgApqBs=,hm7vBPHU2NQcMEODHAqWiURcmGk=
46,77,+oDWvm27/77yarJafp5XJgApqBs=,hsMl6CYT/izinSqHv4WXpebeb2k=
47,68,+oDWvm27/77yarJafp5XJgApqBs=,hm7vBPHU2NQcMEODHAqWiURcmGk=
47,64,+oDWvm27/77yarJafp5XJgApqBs=,hm7vBPHU2NQcMEODHAqWiURcmGk=
46,72,+oDWvm27/77yarJafp5XJgApqBs=,hsMl6CYT/izinSqHv4WXpebeb2k=
37,76,+oDWvm27/77yarJafp5XJgApqBs=,U63YNozz8g5AFbqP/Ct9jJzaIbs=
40,67,+oDWvm27/77yarJafp5XJgApqBs=,hm7vBPHU2NQcMEODHAqWiURcmGk=
36,78,+oDWvm27/77yarJafp5XJgApqBs=,U63YNozz8g5AFbqP/Ct9jJzaIbs=
44,73,+oDWvm27/77yarJafp5XJgApqBs=,hsMl6CYT/izinSqHv4WXpebeb2k=
36,77,+oDWvm27/77yarJafp5XJgApqBs=,U63YNozz8g5AFbqP/Ct9jJzaIbs=
45,77,+oDWvm27/77yarJafp5XJgApqBs=,hsMl6CYT/izinSqHv4WXpebeb2k=
35,71,+oDWvm27/77yarJafp5XJgApqBs=,pcypOzULOyi+ulqpcsaeH+ESNrE=
44,66,+oDWvm27/77yarJafp5XJgApqBs=,hm7vBPHU2NQcMEODHAqWiURcmGk=
43,66,+oDWvm27/77yarJafp5XJgApqBs=,hm7vBPHU2NQcMEODHAqWiURcmGk=
37,77,+oDWvm27/77yarJafp5XJgApqBs=,U63YNozz8g5AFbqP/Ct9jJzaIbs=
39,67,+oDWvm27/77yarJafp5XJgApqBs=,pcypOzULOyi+ulqpcsaeH+ESNrE=
43,65,+oDWvm27/77yarJafp5XJgApqBs=,hm7vBPHU2NQcMEODHAqWiURcmGk=
38,76,+oDWvm27/77yarJafp5XJgApqBs=,U63YNozz8g5AFbqP/Ct9jJzaIbs=
46,68,+oDWvm27/77yarJafp5XJgApqBs=,hm7vBPHU2NQcMEODHAqWiURcmGk=
35,64,+oDWvm27/77yarJafp5XJgApqBs=,pcypOzULOyi+ulqpcsaeH+ESNrE=
37,78,+oDWvm27/77yarJafp5XJgApqBs=,U63YNozz8g5AFbqP/Ct9jJzaIbs=
38,77,+oDWvm27/77yarJafp5XJgApqBs=,U63YNozz8g5AFbqP/Ct9jJzaIbs=
45,73,+oDWvm27/77yarJafp5XJgApqBs=,hsMl6CYT/izinSqHv4WXpebeb2k=
39,76,+oDWvm27/77yarJafp5XJgApqBs=,U63YNozz8g5AFbqP/Ct9jJzaIbs=
44,77,+oDWvm27/77yarJafp5XJgApqBs=,hsMl6CYT/izinSqHv4WXpebeb2k=
47,67,+oDWvm27/77yarJafp5XJgApqBs=,hm7vBPHU2NQcMEODHAqWiURcmGk=
43,78,+oDWvm27/77yarJafp5XJgApqBs=,hsMl6CYT/izinSqHv4WXpebeb2k=
45,68,+oDWvm27/77yarJafp5XJgApqBs=,hm7vBPHU2NQcMEODHAqWiURcmGk=
46,73,+oDWvm27/77yarJafp5XJgApqBs=,hsMl6CYT/izinSqHv4WXpebeb2k=
42,65,+oDWvm27/77yarJafp5XJgApqBs=,hm7vBPHU2NQcMEODHAqWiURcmGk=
41,65,+oDWvm27/77yarJafp5XJgApqBs=,hm7vBPHU2NQcMEODHAqWiURcmGk=
45,66,+oDWvm27/77yarJafp5XJgApqBs=,hm7vBPHU2NQcMEODHAqWiURcmGk=
43,67,+oDWvm27/77yarJafp5XJgApqBs=,hm7vBPHU2NQcMEODHAqWiURcmGk=
41,67,+oDWvm27/77yarJafp5XJgApqBs=,hm7vBPHU2NQcMEODHAqWiURcmGk=
42,67,+oDWvm27/77yarJafp5XJgApqBs=,hm7vBPHU2NQcMEODHAqWiURcmGk=
34,69,+oDWvm27/77yarJafp5XJgApqBs=,pcypOzULOyi+ulqpcsaeH+ESNrE=
32,72,+oDWvm27/77yarJafp5XJgApqBs=,U63YNozz8g5AFbqP/Ct9jJzaIbs=
32,75,+oDWvm27/77yarJafp5XJgApqBs=,U63YNozz8g5AFbqP/Ct9jJzaIbs=
33,69,+oDWvm27/77yarJafp5XJgApqBs=,pcypOzULOyi+ulqpcsaeH+ESNrE=
42,78,+oDWvm27/77yarJafp5XJgApqBs=,hsMl6CYT/izinSqHv4WXpebeb2k=
38,78,+oDWvm27/77yarJafp5XJgApqBs=,U63YNozz8g5AFbqP/Ct9jJzaIbs=
34,68,+oDWvm27/77yarJafp5XJgApqBs=,pcypOzULOyi+ulqpcsaeH+ESNrE=
40,65,+oDWvm27/77yarJafp5XJgApqBs=,hm7vBPHU2NQcMEODHAqWiURcmGk=
33,70,+oDWvm27/77yarJafp5XJgApqBs=,pcypOzULOyi+ulqpcsaeH+ESNrE=
35,68,+oDWvm27/77yarJafp5XJgApqBs=,pcypOzULOyi+ulqpcsaeH+ESNrE=
35,70,+oDWvm27/77yarJafp5XJgApqBs=,pcypOzULOyi+ulqpcsaeH+ESNrE=
44,68,+oDWvm27/77yarJafp5XJgApqBs=,hm7vBPHU2NQcMEODHAqWiURcmGk=
41,78,+oDWvm27/77yarJafp5XJgApqBs=,hsMl6CYT/izinSqHv4WXpebeb2k=
35,65,+oDWvm27/77yarJafp5XJgApqBs=,pcypOzULOyi+ulqpcsaeH+ESNrE=
34,70,+oDWvm27/77yarJafp5XJgApqBs=,pcypOzULOyi+ulqpcsaeH+ESNrE=
39,65,+oDWvm27/77yarJafp5XJgApqBs=,pcypOzULOyi+ulqpcsaeH+ESNrE=
35,69,+oDWvm27/77yarJafp5XJgApqBs=,pcypOzULOyi+ulqpcsaeH+ESNrE=
33,71,+oDWvm27/77yarJafp5XJgApqBs=,pcypOzULOyi+ulqpcsaeH+ESNrE=
34,71,+oDWvm27/77yarJafp5XJgApqBs=,pcypOzULOyi+ulqpcsaeH+ESNrE=
33,68,+oDWvm27/77yarJafp5XJgApqBs=,pcypOzULOyi+ulqpcsaeH+ESNrE=
47,66,+oDWvm27/77yarJafp5XJgApqBs=,hm7vBPHU2NQcMEODHAqWiURcmGk=
32,76,+oDWvm27/77yarJafp5XJgApqBs=,U63YNozz8g5AFbqP/Ct9jJzaIbs=
40,78,+oDWvm27/77yarJafp5XJgApqBs=,hsMl6CYT/izinSqHv4WXpebeb2k=
44,65,+oDWvm27/77yarJafp5XJgApqBs=,hm7vBPHU2NQcMEODHAqWiURcmGk=
45,65,+oDWvm27/77yarJafp5XJgApqBs=,hm7vBPHU2NQcMEODHAqWiURcmGk=
40,76,+oDWvm27/77yarJafp5XJgApqBs=,hsMl6CYT/izinSqHv4WXpebeb2k=
34,64,+oDWvm27/77yarJafp5XJgApqBs=,pcypOzULOyi+ulqpcsaeH+ESNrE=
46,65,+oDWvm27/77yarJafp5XJgApqBs=,hm7vBPHU2NQcMEODHAqWiURcmGk=
41,76,+oDWvm27/77yarJafp5XJgApqBs=,hsMl6CYT/izinSqHv4WXpebeb2k=
43,77,+oDWvm27/77yarJafp5XJgApqBs=,hsMl6CYT/izinSqHv4WXpebeb2k=
33,64,+oDWvm27/77yarJafp5XJgApqBs=,pcypOzULOyi+ulqpcsaeH+ESNrE=
42,76,+oDWvm27/77yarJafp5XJgApqBs=,hsMl6CYT/izinSqHv4WXpebeb2k=
34,73,+oDWvm27/77yarJafp5XJgApqBs=,U63YNozz8g5AFbqP/Ct9jJzaIbs=
33,73,+oDWvm27/77yarJafp5XJgApqBs=,U63YNozz8g5AFbqP/Ct9jJzaIbs=
32,77,+oDWvm27/77yarJafp5XJgApqBs=,U63YNozz8g5AFbqP/Ct9jJzaIbs=
33,78,+oDWvm27/77yarJafp5XJgApqBs=,U63YNozz8g5AFbqP/Ct9jJzaIbs=
35,78,+oDWvm27/77yarJafp5XJgApqBs=,U63YNozz8g5AFbqP/Ct9jJzaIbs=
34,78,+oDWvm27/77yarJafp5XJgApqBs=,U63YNozz8g5AFbqP/Ct9jJzaIbs=
35,73,+oDWvm27/77yarJafp5XJgApqBs=,U63YNozz8g5AFbqP/Ct9jJzaIbs=
35,74,+oDWvm27/77yarJafp5XJgApqBs=,U63YNozz8g5AFbqP/Ct9jJzaIbs=
32,78,+oDWvm27/77yarJafp5XJgApqBs=,U63YNozz8g5AFbqP/Ct9jJzaIbs=
35,75,+oDWvm27/77yarJafp5XJgApqBs=,U63YNozz8g5AFbqP/Ct9jJzaIbs=
46,66,+oDWvm27/77yarJafp5XJgApqBs=,hm7vBPHU2NQcMEODHAqWiURcmGk=
40,77,+oDWvm27/77yarJafp5XJgApqBs=,hsMl6CYT/izinSqHv4WXpebeb2k=
34,75,+oDWvm27/77yarJafp5XJgApqBs=,U63YNozz8g5AFbqP/Ct9jJzaIbs=
34,74,+oDWvm27/77yarJafp5XJgApqBs=,U63YNozz8g5AFbqP/Ct9jJzaIbs=
33,75,+oDWvm27/77yarJafp5XJgApqBs=,U63YNozz8g5AFbqP/Ct9jJzaIbs=
42,77,+oDWvm27/77yarJafp5XJgApqBs=,hsMl6CYT/izinSqHv4WXpebeb2k=
44,67,+oDWvm27/77yarJafp5XJgApqBs=,hm7vBPHU2NQcMEODHAqWiURcmGk=
43,76,+oDWvm27/77yarJafp5XJgApqBs=,hsMl6CYT/izinSqHv4WXpebeb2k=
33,77,+oDWvm27/77yarJafp5XJgApqBs=,U63YNozz8g5AFbqP/Ct9jJzaIbs=
41,77,+oDWvm27/77yarJafp5XJgApqBs=,hsMl6CYT/izinSqHv4WXpebeb2k=
34,76,+oDWvm27/77yarJafp5XJgApqBs=,U63YNozz8g5AFbqP/Ct9jJzaIbs=
34,77,+oDWvm27/77yarJafp5XJgApqBs=,U63YNozz8g5AFbqP/Ct9jJzaIbs=
35,77,+oDWvm27/77yarJafp5XJgApqBs=,U63YNozz8g5AFbqP/Ct9jJzaIbs=
38,65,+oDWvm27/77yarJafp5XJgApqBs=,pcypOzULOyi+ulqpcsaeH+ESNrE=
35,76,+oDWvm27/77yarJafp5XJgApqBs=,U63YNozz8g5AFbqP/Ct9jJzaIbs=
38,66,+oDWvm27/77yarJafp5XJgApqBs=,pcypOzULOyi+ulqpcsaeH+ESNrE=
33,72,+oDWvm27/77yarJafp5XJgApqBs=,U63YNozz8g5AFbqP/Ct9jJzaIbs=
36,65,+oDWvm27/77yarJafp5XJgApqBs=,pcypOzULOyi+ulqpcsaeH+ESNrE=
33,76,+oDWvm27/77yarJafp5XJgApqBs=,U63YNozz8g5AFbqP/Ct9jJzaIbs=
33,74,+oDWvm27/77yarJafp5XJgApqBs=,U63YNozz8g5AFbqP/Ct9jJzaIbs=
34,72,+oDWvm27/77yarJafp5XJgApqBs=,U63YNozz8g5AFbqP/Ct9jJzaIbs=
35,72,+oDWvm27/77yarJafp5XJgApqBs=,U63YNozz8g5AFbqP/Ct9jJzaIbs=
32,73,+oDWvm27/77yarJafp5XJgApqBs=,U63YNozz8g5AFbqP/Ct9jJzaIbs=
46,67,+oDWvm27/77yarJafp5XJgApqBs=,hm7vBPHU2NQcMEODHAqWiURcmGk=
32,74,+oDWvm27/77yarJafp5XJgApqBs=,U63YNozz8g5AFbqP/Ct9jJzaIbs=
37,65,+oDWvm27/77yarJafp5XJgApqBs=,pcypOzULOyi+ulqpcsaeH+ESNrE=
45,67,+oDWvm27/77yarJafp5XJgApqBs=,hm7vBPHU2NQcMEODHAqWiURcmGk=
54,71,Nmd1QiV68X2tt+L2y+4hsfhIvhs=,EffcUfF2zLypLgCFku/Fh7Ns+Z0=
55,68,FncLP1X0QkMoLpwjJN2lUP31U/k=,EffcUfF2zLypLgCFku/Fh7Ns+Z0=
49,73,Nmd1QiV68X2tt+L2y+4hsfhIvhs=,qp1Bn11wpyKuPwdjurA1CXwLAjg=
48,64,Nmd1QiV68X2tt+L2y+4hsfhIvhs=,EffcUfF2zLypLgCFku/Fh7Ns+Z0=
48,71,Nmd1QiV68X2tt+L2y+4hsfhIvhs=,EffcUfF2zLypLgCFku/Fh7Ns+Z0=
54,64,Nmd1QiV68X2tt+L2y+4hsfhIvhs=,EffcUfF2zLypLgCFku/Fh7Ns+Z0=
57,64,Nmd1QiV68X2tt+L2y+4hsfhIvhs=,eJHS4Fr7pZRHNyJQRavRMkhJAyw=
56,64,Nmd1QiV68X2tt+L2y+4hsfhIvhs=,eJHS4Fr7pZRHNyJQRavRMkhJAyw=
50,64,Nmd1QiV68X2tt+L2y+4hsfhIvhs=,EffcUfF2zLypLgCFku/Fh7Ns+Z0=
48,67,Nmd1QiV68X2tt+L2y+4hsfhIvhs=,EffcUfF2zLypLgCFku/Fh7Ns+Z0=
57,66,Nmd1QiV68X2tt+L2y+4hsfhIvhs=,eJHS4Fr7pZRHNyJQRavRMkhJAyw=
55,66,Nmd1QiV68X2tt+L2y+4hsfhIvhs=,EffcUfF2zLypLgCFku/Fh7Ns+Z0=
51,73,Nmd1QiV68X2tt+L2y+4hsfhIvhs=,qp1Bn11wpyKuPwdjurA1CXwLAjg=
48,65,Nmd1QiV68X2tt+L2y+4hsfhIvhs=,EffcUfF2zLypLgCFku/Fh7Ns+Z0=
49,74,Nmd1QiV68X2tt+L2y+4hsfhIvhs=,qp1Bn11wpyKuPwdjurA1CXwLAjg=
53,64,Nmd1QiV68X2tt+L2y+4hsfhIvhs=,EffcUfF2zLypLgCFku/Fh7Ns+Z0=
48,66,Nmd1QiV68X2tt+L2y+4hsfhIvhs=,EffcUfF2zLypLgCFku/Fh7Ns+Z0=
49,67,Nmd1QiV68X2tt+L2y+4hsfhIvhs=,EffcUfF2zLypLgCFku/Fh7Ns+Z0=
49,64,Nmd1QiV68X2tt+L2y+4hsfhIvhs=,EffcUfF2zLypLgCFku/Fh7Ns+Z0=
53,71,l+xaF0SvaiphKTD+UCHg2/kL+bk=,EffcUfF2zLypLgCFku/Fh7Ns+Z0=
51,64,Nmd1QiV68X2tt+L2y+4hsfhIvhs=,EffcUfF2zLypLgCFku/Fh7Ns+Z0=
58,64,Nmd1QiV68X2tt+L2y+4hsfhIvhs=,eJHS4Fr7pZRHNyJQRavRMkhJAyw=
50,73,Nmd1QiV68X2tt+L2y+4hsfhIvhs=,qp1Bn11wpyKuPwdjurA1CXwLAjg=
52,64,Nmd1QiV68X2tt+L2y+4hsfhIvhs=,EffcUfF2zLypLgCFku/Fh7Ns+Z0=
53,69,l+xaF0SvaiphKTD+UCHg2/kL+bk=,EffcUfF2zLypLgCFku/Fh7Ns+Z0=
58,66,Nmd1QiV68X2tt+L2y+4hsfhIvhs=,eJHS4Fr7pZRHNyJQRavRMkhJAyw=
49,71,Nmd1QiV68X2tt+L2y+4hsfhIvhs=,EffcUfF2zLypLgCFku/Fh7Ns+Z0=
57,67,Nmd1QiV68X2tt+L2y+4hsfhIvhs=,eJHS4Fr7pZRHNyJQRavRMkhJAyw=
52,71,l+xaF0SvaiphKTD+UCHg2/kL+bk=,EffcUfF2zLypLgCFku/Fh7Ns+Z0=
55,64,Nmd1QiV68X2tt+L2y+4hsfhIvhs=,EffcUfF2zLypLgCFku/Fh7Ns+Z0=
57,65,Nmd1QiV68X2tt+L2y+4hsfhIvhs=,eJHS4Fr7pZRHNyJQRavRMkhJAyw=
59,66,Nmd1QiV68X2tt+L2y+4hsfhIvhs=,eJHS4Fr7pZRHNyJQRavRMkhJAyw=
59,67,Nmd1QiV68X2tt+L2y+4hsfhIvhs=,eJHS4Fr7pZRHNyJQRavRMkhJAyw=
50,71,Nmd1QiV68X2tt+L2y+4hsfhIvhs=,EffcUfF2zLypLgCFku/Fh7Ns+Z0=
53,70,Nmd1QiV68X2tt+L2y+4hsfhIvhs=,EffcUfF2zLypLgCFku/Fh7Ns+Z0=
53,65,Nmd1QiV68X2tt+L2y+4hsfhIvhs=,EffcUfF2zLypLgCFku/Fh7Ns+Z0=
50,74,Nmd1QiV68X2tt+L2y+4hsfhIvhs=,qp1Bn11wpyKuPwdjurA1CXwLAjg=
58,67,Nmd1QiV68X2tt+L2y+4hsfhIvhs=,eJHS4Fr7pZRHNyJQRavRMkhJAyw=
54,66,Nmd1QiV68X2tt+L2y+4hsfhIvhs=,EffcUfF2zLypLgCFku/Fh7Ns+Z0=
52,65,Nmd1QiV68X2tt+L2y+4hsfhIvhs=,EffcUfF2zLypLgCFku/Fh7Ns+Z0=
58,65,Nmd1QiV68X2tt+L2y+4hsfhIvhs=,eJHS4Fr7pZRHNyJQRavRMkhJAyw=
55,72,sqYfENNmUAMCkOQe9e4FuqZ98is=,qp1Bn11wpyKuPwdjurA1CXwLAjg=
56,66,Nmd1QiV68X2tt+L2y+4hsfhIvhs=,eJHS4Fr7pZRHNyJQRavRMkhJAyw=
51,74,Nmd1QiV68X2tt+L2y+4hsfhIvhs=,qp1Bn11wpyKuPwdjurA1CXwLAjg=
59,64,Nmd1QiV68X2tt+L2y+4hsfhIvhs=,eJHS4Fr7pZRHNyJQRavRMkhJAyw=
51,71,Nmd1QiV68X2tt+L2y+4hsfhIvhs=,EffcUfF2zLypLgCFku/Fh7Ns+Z0=
54,72,l+xaF0SvaiphKTD+UCHg2/kL+bk=,qp1Bn11wpyKuPwdjurA1CXwLAjg=
49,75,Nmd1QiV68X2tt+L2y+4hsfhIvhs=,qp1Bn11wpyKuPwdjurA1CXwLAjg=
53,72,q8DF+l/nrlrLGnrtrxa4zPNFF10=,qp1Bn11wpyKuPwdjurA1CXwLAjg=
48,68,Nmd1QiV68X2tt+L2y+4hsfhIvhs=,EffcUfF2zLypLgCFku/Fh7Ns+Z0=
50,75,Nmd1QiV68X2tt+L2y+4hsfhIvhs=,qp1Bn11wpyKuPwdjurA1CXwLAjg=
48,75,Nmd1QiV68X2tt+L2y+4hsfhIvhs=,qp1Bn11wpyKuPwdjurA1CXwLAjg=
48,74,Nmd1QiV68X2tt+L2y+4hsfhIvhs=,qp1Bn11wpyKuPwdjurA1CXwLAjg=
48,72,Nmd1QiV68X2tt+L2y+4hsfhIvhs=,qp1Bn11wpyKuPwdjurA1CXwLAjg=
59,65,Nmd1QiV68X2tt+L2y+4hsfhIvhs=,eJHS4Fr7pZRHNyJQRavRMkhJAyw=
48,73,Nmd1QiV68X2tt+L2y+4hsfhIvhs=,qp1Bn11wpyKuPwdjurA1CXwLAjg=
51,75,Nmd1QiV68X2tt+L2y+4hsfhIvhs=,qp1Bn11wpyKuPwdjurA1CXwLAjg=
56,67,Nmd1QiV68X2tt+L2y+4hsfhIvhs=,eJHS4Fr7pZRHNyJQRavRMkhJAyw=
52,72,q8DF+l/nrlrLGnrtrxa4zPNFF10=,qp1Bn11wpyKuPwdjurA1CXwLAjg=
51,69,Nmd1QiV68X2tt+L2y+4hsfhIvhs=,EffcUfF2zLypLgCFku/Fh7Ns+Z0=
50,69,Nmd1QiV68X2tt+L2y+4hsfhIvhs=,EffcUfF2zLypLgCFku/Fh7Ns+Z0=
56,72,sqYfENNmUAMCkOQe9e4FuqZ98is=,c1FNFq3zyOG1ThGE3/FJbPnxORA=
51,65,Nmd1QiV68X2tt+L2y+4hsfhIvhs=,EffcUfF2zLypLgCFku/Fh7Ns+Z0=
50,65,Nmd1QiV68X2tt+L2y+4hsfhIvhs=,EffcUfF2zLypLgCFku/Fh7Ns+Z0=
56,71,l+xaF0SvaiphKTD+UCHg2/kL+bk=,eJHS4Fr7pZRHNyJQRavRMkhJAyw=
55,70,Nmd1QiV68X2tt+L2y+4hsfhIvhs=,EffcUfF2zLypLgCFku/Fh7Ns+Z0=
54,70,Nmd1QiV68X2tt+L2y+4hsfhIvhs=,EffcUfF2zLypLgCFku/Fh7Ns+Z0=
56,65,Nmd1QiV68X2tt+L2y+4hsfhIvhs=,eJHS4Fr7pZRHNyJQRavRMkhJAyw=
49,69,Nmd1QiV68X2tt+L2y+4hsfhIvhs=,EffcUfF2zLypLgCFku/Fh7Ns+Z0=
51,68,Nmd1QiV68X2tt+L2y+4hsfhIvhs=,EffcUfF2zLypLgCFku/Fh7Ns+Z0=
53,66,Nmd1QiV68X2tt+L2y+4hsfhIvhs=,EffcUfF2zLypLgCFku/Fh7Ns+Z0=
48,70,Nmd1QiV68X2tt+L2y+4hsfhIvhs=,EffcUfF2zLypLgCFku/Fh7Ns+Z0=
50,68,Nmd1QiV68X2tt+L2y+4hsfhIvhs=,EffcUfF2zLypLgCFku/Fh7Ns+Z0=
51,72,Nmd1QiV68X2tt+L2y+4hsfhIvhs=,qp1Bn11wpyKuPwdjurA1CXwLAjg=
52,70,fa8KVd9Z1shijp/Pxj88WQ0jNmc=,EffcUfF2zLypLgCFku/Fh7Ns+Z0=
63,67,Nmd1QiV68X2tt+L2y+4hsfhIvhs=,eJHS4Fr7pZRHNyJQRavRMkhJAyw=
49,65,Nmd1QiV68X2tt+L2y+4hsfhIvhs=,EffcUfF2zLypLgCFku/Fh7Ns+Z0=
48,69,Nmd1QiV68X2tt+L2y+4hsfhIvhs=,EffcUfF2zLypLgCFku/Fh7Ns+Z0=
54,67,Nmd1QiV68X2tt+L2y+4hsfhIvhs=,EffcUfF2zLypLgCFku/Fh7Ns+Z0=
49,68,Nmd1QiV68X2tt+L2y+4hsfhIvhs=,EffcUfF2zLypLgCFku/Fh7Ns+Z0=
55,67,Nmd1QiV68X2tt+L2y+4hsfhIvhs=,EffcUfF2zLypLgCFku/Fh7Ns+Z0=
51,67,Nmd1QiV68X2tt+L2y+4hsfhIvhs=,EffcUfF2zLypLgCFku/Fh7Ns+Z0=
52,66,Nmd1QiV68X2tt+L2y+4hsfhIvhs=,EffcUfF2zLypLgCFku/Fh7Ns+Z0=
53,67,Nmd1QiV68X2tt+L2y+4hsfhIvhs=,EffcUfF2zLypLgCFku/Fh7Ns+Z0=
49,72,Nmd1QiV68X2tt+L2y+4hsfhIvhs=,qp1Bn11wpyKuPwdjurA1CXwLAjg=
55,65,Nmd1QiV68X2tt+L2y+4hsfhIvhs=,EffcUfF2zLypLgCFku/Fh7Ns+Z0=
63,68,Nmd1QiV68X2tt+L2y+4hsfhIvhs=,eJHS4Fr7pZRHNyJQRavRMkhJAyw=
54,65,Nmd1QiV68X2tt+L2y+4hsfhIvhs=,EffcUfF2zLypLgCFku/Fh7Ns+Z0=
56,69,Nmd1QiV68X2tt+L2y+4hsfhIvhs=,eJHS4Fr7pZRHNyJQRavRMkhJAyw=
52,67,Nmd1QiV68X2tt+L2y+4hsfhIvhs=,EffcUfF2zLypLgCFku/Fh7Ns+Z0=
56,70,fa8KVd9Z1shijp/Pxj88WQ0jNmc=,eJHS4Fr7pZRHNyJQRavRMkhJAyw=
52,69,l+xaF0SvaiphKTD+UCHg2/kL+bk=,EffcUfF2zLypLgCFku/Fh7Ns+Z0=
50,67,Nmd1QiV68X2tt+L2y+4hsfhIvhs=,EffcUfF2zLypLgCFku/Fh7Ns+Z0=
51,66,Nmd1QiV68X2tt+L2y+4hsfhIvhs=,EffcUfF2zLypLgCFku/Fh7Ns+Z0=
63,66,Nmd1QiV68X2tt+L2y+4hsfhIvhs=,eJHS4Fr7pZRHNyJQRavRMkhJAyw=
49,66,Nmd1QiV68X2tt+L2y+4hsfhIvhs=,EffcUfF2zLypLgCFku/Fh7Ns+Z0=
50,72,Nmd1QiV68X2tt+L2y+4hsfhIvhs=,qp1Bn11wpyKuPwdjurA1CXwLAjg=
63,71,Nmd1QiV68X2tt+L2y+4hsfhIvhs=,eJHS4Fr7pZRHNyJQRavRMkhJAyw=
51,70,Nmd1QiV68X2tt+L2y+4hsfhIvhs=,EffcUfF2zLypLgCFku/Fh7Ns+Z0=
62,71,Nmd1QiV68X2tt+L2y+4hsfhIvhs=,eJHS4Fr7pZRHNyJQRavRMkhJAyw=
55,71,l+xaF0SvaiphKTD+UCHg2/kL+bk=,EffcUfF2zLypLgCFku/Fh7Ns+Z0=
50,66,Nmd1QiV68X2tt+L2y+4hsfhIvhs=,EffcUfF2zLypLgCFku/Fh7Ns+Z0=
49,70,Nmd1QiV68X2tt+L2y+4hsfhIvhs=,EffcUfF2zLypLgCFku/Fh7Ns+Z0=
63,72,Nmd1QiV68X2tt+L2y+4hsfhIvhs=,c1FNFq3zyOG1ThGE3/FJbPnxORA=
60,68,Nmd1QiV68X2tt+L2y+4hsfhIvhs=,eJHS4Fr7pZRHNyJQRavRMkhJAyw=
60,69,Nmd1QiV68X2tt+L2y+4hsfhIvhs=,eJHS4Fr7pZRHNyJQRavRMkhJAyw=
62,70,Nmd1QiV68X2tt+L2y+4hsfhIvhs=,eJHS4Fr7pZRHNyJQRavRMkhJAyw=
62,68,Nmd1QiV68X2tt+L2y+4hsfhIvhs=,eJHS4Fr7pZRHNyJQRavRMkhJAyw=
63,65,Nmd1QiV68X2tt+L2y+4hsfhIvhs=,eJHS4Fr7pZRHNyJQRavRMkhJAyw=
57,75,FncLP1X0QkMoLpwjJN2lUP31U/k=,c1FNFq3zyOG1ThGE3/FJbPnxORA=
56,68,Nmd1QiV68X2tt+L2y+4hsfhIvhs=,eJHS4Fr7pZRHNyJQRavRMkhJAyw=
55,69,Nmd1QiV68X2tt+L2y+4hsfhIvhs=,EffcUfF2zLypLgCFku/Fh7Ns+Z0=
62,69,Nmd1QiV68X2tt+L2y+4hsfhIvhs=,eJHS4Fr7pZRHNyJQRavRMkhJAyw=
61,69,Nmd1QiV68X2tt+L2y+4hsfhIvhs=,eJHS4Fr7pZRHNyJQRavRMkhJAyw=
60,74,Nmd1QiV68X2tt+L2y+4hsfhIvhs=,c1FNFq3zyOG1ThGE3/FJbPnxORA=
63,73,Nmd1QiV68X2tt+L2y+4hsfhIvhs=,c1FNFq3zyOG1ThGE3/FJbPnxORA=
61,70,Nmd1QiV68X2tt+L2y+4hsfhIvhs=,eJHS4Fr7pZRHNyJQRavRMkhJAyw=
60,70,Nmd1QiV68X2tt+L2y+4hsfhIvhs=,eJHS4Fr7pZRHNyJQRavRMkhJAyw=
61,71,Nmd1QiV68X2tt+L2y+4hsfhIvhs=,eJHS4Fr7pZRHNyJQRavRMkhJAyw=
50,70,Nmd1QiV68X2tt+L2y+4hsfhIvhs=,EffcUfF2zLypLgCFku/Fh7Ns+Z0=
61,68,Nmd1QiV68X2tt+L2y+4hsfhIvhs=,eJHS4Fr7pZRHNyJQRavRMkhJAyw=
63,70,Nmd1QiV68X2tt+L2y+4hsfhIvhs=,eJHS4Fr7pZRHNyJQRavRMkhJAyw=
60,71,Nmd1QiV68X2tt+L2y+4hsfhIvhs=,eJHS4Fr7pZRHNyJQRavRMkhJAyw=
60,64,Nmd1QiV68X2tt+L2y+4hsfhIvhs=,eJHS4Fr7pZRHNyJQRavRMkhJAyw=
61,74,Nmd1QiV68X2tt+L2y+4hsfhIvhs=,c1FNFq3zyOG1ThGE3/FJbPnxORA=
57,73,Nmd1QiV68X2tt+L2y+4hsfhIvhs=,c1FNFq3zyOG1ThGE3/FJbPnxORA=
63,69,Nmd1QiV68X2tt+L2y+4hsfhIvhs=,eJHS4Fr7pZRHNyJQRavRMkhJAyw=
63,75,Nmd1QiV68X2tt+L2y+4hsfhIvhs=,c1FNFq3zyOG1ThGE3/FJbPnxORA=
59,73,Nmd1QiV68X2tt+L2y+4hsfhIvhs=,c1FNFq3zyOG1ThGE3/FJbPnxORA=
60,75,Nmd1QiV68X2tt+L2y+4hsfhIvhs=,c1FNFq3zyOG1ThGE3/FJbPnxORA=
60,73,Nmd1QiV68X2tt+L2y+4hsfhIvhs=,c1FNFq3zyOG1ThGE3/FJbPnxORA=
62,73,Nmd1QiV68X2tt+L2y+4hsfhIvhs=,c1FNFq3zyOG1ThGE3/FJbPnxORA=
61,72,Nmd1QiV68X2tt+L2y+4hsfhIvhs=,c1FNFq3zyOG1ThGE3/FJbPnxORA=
62,72,Nmd1QiV68X2tt+L2y+4hsfhIvhs=,c1FNFq3zyOG1ThGE3/FJbPnxORA=
57,74,Nmd1QiV68X2tt+L2y+4hsfhIvhs=,c1FNFq3zyOG1ThGE3/FJbPnxORA=
62,74,Nmd1QiV68X2tt+L2y+4hsfhIvhs=,c1FNFq3zyOG1ThGE3/FJbPnxORA=
58,74,Nmd1QiV68X2tt+L2y+4hsfhIvhs=,c1FNFq3zyOG1ThGE3/FJbPnxORA=
59,74,FncLP1X0QkMoLpwjJN2lUP31U/k=,c1FNFq3zyOG1ThGE3/FJbPnxORA=
52,73,Nmd1QiV68X2tt+L2y+4hsfhIvhs=,qp1Bn11wpyKuPwdjurA1CXwLAjg=
60,72,Nmd1QiV68X2tt+L2y+4hsfhIvhs=,c1FNFq3zyOG1ThGE3/FJbPnxORA=
60,67,Nmd1QiV68X2tt+L2y+4hsfhIvhs=,eJHS4Fr7pZRHNyJQRavRMkhJAyw=
58,75,l+xaF0SvaiphKTD+UCHg2/kL+bk=,c1FNFq3zyOG1ThGE3/FJbPnxORA=
52,74,Nmd1QiV68X2tt+L2y+4hsfhIvhs=,qp1Bn11wpyKuPwdjurA1CXwLAjg=
60,66,Nmd1QiV68X2tt+L2y+4hsfhIvhs=,eJHS4Fr7pZRHNyJQRavRMkhJAyw=
54,73,Nmd1QiV68X2tt+L2y+4hsfhIvhs=,qp1Bn11wpyKuPwdjurA1CXwLAjg=
55,74,Nmd1QiV68X2tt+L2y+4hsfhIvhs=,qp1Bn11wpyKuPwdjurA1CXwLAjg=
53,73,Nmd1QiV68X2tt+L2y+4hsfhIvhs=,qp1Bn11wpyKuPwdjurA1CXwLAjg=
56,75,Nmd1QiV68X2tt+L2y+4hsfhIvhs=,c1FNFq3zyOG1ThGE3/FJbPnxORA=
56,73,Nmd1QiV68X2tt+L2y+4hsfhIvhs=,c1FNFq3zyOG1ThGE3/FJbPnxORA=
55,73,Nmd1QiV68X2tt+L2y+4hsfhIvhs=,qp1Bn11wpyKuPwdjurA1CXwLAjg=
63,74,Nmd1QiV68X2tt+L2y+4hsfhIvhs=,c1FNFq3zyOG1ThGE3/FJbPnxORA=
63,64,Nmd1QiV68X2tt+L2y+4hsfhIvhs=,eJHS4Fr7pZRHNyJQRavRMkhJAyw=
54,75,Nmd1QiV68X2tt+L2y+4hsfhIvhs=,qp1Bn11wpyKuPwdjurA1CXwLAjg=
59,75,FncLP1X0QkMoLpwjJN2lUP31U/k=,c1FNFq3zyOG1ThGE3/FJbPnxORA=
61,66,Nmd1QiV68X2tt+L2y+4hsfhIvhs=,eJHS4Fr7pZRHNyJQRavRMkhJAyw=
53,75,Nmd1QiV68X2tt+L2y+4hsfhIvhs=,qp1Bn11wpyKuPwdjurA1CXwLAjg=
56,74,Nmd1QiV68X2tt+L2y+4hsfhIvhs=,c1FNFq3zyOG1ThGE3/FJbPnxORA=
58,73,Nmd1QiV68X2tt+L2y+4hsfhIvhs=,c1FNFq3zyOG1ThGE3/FJbPnxORA=
62,66,Nmd1QiV68X2tt+L2y+4hsfhIvhs=,eJHS4Fr7pZRHNyJQRavRMkhJAyw=
53,74,Nmd1QiV68X2tt+L2y+4hsfhIvhs=,qp1Bn11wpyKuPwdjurA1CXwLAjg=
58,70,Nmd1QiV68X2tt+L2y+4hsfhIvhs=,eJHS4Fr7pZRHNyJQRavRMkhJAyw=
61,75,Nmd1QiV68X2tt+L2y+4hsfhIvhs=,c1FNFq3zyOG1ThGE3/FJbPnxORA=
59,69,Nmd1QiV68X2tt+L2y+4hsfhIvhs=,eJHS4Fr7pZRHNyJQRavRMkhJAyw=
54,74,Nmd1QiV68X2tt+L2y+4hsfhIvhs=,qp1Bn11wpyKuPwdjurA1CXwLAjg=
62,75,Nmd1QiV68X2tt+L2y+4hsfhIvhs=,c1FNFq3zyOG1ThGE3/FJbPnxORA=
61,64,Nmd1QiV68X2tt+L2y+4hsfhIvhs=,eJHS4Fr7pZRHNyJQRavRMkhJAyw=
61,73,Nmd1QiV68X2tt+L2y+4hsfhIvhs=,c1FNFq3zyOG1ThGE3/FJbPnxORA=
57,72,Nmd1QiV68X2tt+L2y+4hsfhIvhs=,c1FNFq3zyOG1ThGE3/FJbPnxORA=
57,69,Nmd1QiV68X2tt+L2y+4hsfhIvhs=,eJHS4Fr7pZRHNyJQRavRMkhJAyw=
62,67,Nmd1QiV68X2tt+L2y+4hsfhIvhs=,eJHS4Fr7pZRHNyJQRavRMkhJAyw=
52,75,Nmd1QiV68X2tt+L2y+4hsfhIvhs=,qp1Bn11wpyKuPwdjurA1CXwLAjg=
55,75,Nmd1QiV68X2tt+L2y+4hsfhIvhs=,qp1Bn11wpyKuPwdjurA1CXwLAjg=
57,71,Nmd1QiV68X2tt+L2y+4hsfhIvhs=,eJHS4Fr7pZRHNyJQRavRMkhJAyw=
58,71,Nmd1QiV68X2tt+L2y+4hsfhIvhs=,eJHS4Fr7pZRHNyJQRavRMkhJAyw=
59,70,Nmd1QiV68X2tt+L2y+4hsfhIvhs=,eJHS4Fr7pZRHNyJQRavRMkhJAyw=
59,72,Nmd1QiV68X2tt+L2y+4hsfhIvhs=,c1FNFq3zyOG1ThGE3/FJbPnxORA=
58,72,Nmd1QiV68X2tt+L2y+4hsfhIvhs=,c1FNFq3zyOG1ThGE3/FJbPnxORA=
57,70,Nmd1QiV68X2tt+L2y+4hsfhIvhs=,eJHS4Fr7pZRHNyJQRavRMkhJAyw=
59,71,Nmd1QiV68X2tt+L2y+4hsfhIvhs=,eJHS4Fr7pZRHNyJQRavRMkhJAyw=
58,69,Nmd1QiV68X2tt+L2y+4hsfhIvhs=,eJHS4Fr7pZRHNyJQRavRMkhJAyw=
57,68,Nmd1QiV68X2tt+L2y+4hsfhIvhs=,eJHS4Fr7pZRHNyJQRavRMkhJAyw=
60,65,Nmd1QiV68X2tt+L2y+4hsfhIvhs=,eJHS4Fr7pZRHNyJQRavRMkhJAyw=
59,68,Nmd1QiV68X2tt+L2y+4hsfhIvhs=,eJHS4Fr7pZRHNyJQRavRMkhJAyw=
58,68,Nmd1QiV68X2tt+L2y+4hsfhIvhs=,eJHS4Fr7pZRHNyJQRavRMkhJAyw=
61,67,Nmd1QiV68X2tt+L2y+4hsfhIvhs=,eJHS4Fr7pZRHNyJQRavRMkhJAyw=
61,65,Nmd1QiV68X2tt+L2y+4hsfhIvhs=,eJHS4Fr7pZRHNyJQRavRMkhJAyw=
52,68,l+xaF0SvaiphKTD+UCHg2/kL+bk=,EffcUfF2zLypLgCFku/Fh7Ns+Z0=
53,68,l+xaF0SvaiphKTD+UCHg2/kL+bk=,EffcUfF2zLypLgCFku/Fh7Ns+Z0=
62,65,Nmd1QiV68X2tt+L2y+4hsfhIvhs=,eJHS4Fr7pZRHNyJQRavRMkhJAyw=
63,78,Nmd1QiV68X2tt+L2y+4hsfhIvhs=,c1FNFq3zyOG1ThGE3/FJbPnxORA=
60,78,Nmd1QiV68X2tt+L2y+4hsfhIvhs=,c1FNFq3zyOG1ThGE3/FJbPnxORA=
62,78,Nmd1QiV68X2tt+L2y+4hsfhIvhs=,c1FNFq3zyOG1ThGE3/FJbPnxORA=
61,78,Nmd1QiV68X2tt+L2y+4hsfhIvhs=,c1FNFq3zyOG1ThGE3/FJbPnxORA=
59,78,Nmd1QiV68X2tt+L2y+4hsfhIvhs=,c1FNFq3zyOG1ThGE3/FJbPnxORA=
54,69,Nmd1QiV68X2tt+L2y+4hsfhIvhs=,EffcUfF2zLypLgCFku/Fh7Ns+Z0=
62,64,Nmd1QiV68X2tt+L2y+4hsfhIvhs=,eJHS4Fr7pZRHNyJQRavRMkhJAyw=
58,78,Nmd1QiV68X2tt+L2y+4hsfhIvhs=,c1FNFq3zyOG1ThGE3/FJbPnxORA=
57,78,Nmd1QiV68X2tt+L2y+4hsfhIvhs=,c1FNFq3zyOG1ThGE3/FJbPnxORA=
54,68,fa8KVd9Z1shijp/Pxj88WQ0jNmc=,EffcUfF2zLypLgCFku/Fh7Ns+Z0=
48,78,Nmd1QiV68X2tt+L2y+4hsfhIvhs=,qp1Bn11wpyKuPwdjurA1CXwLAjg=
62,77,Nmd1QiV68X2tt+L2y+4hsfhIvhs=,c1FNFq3zyOG1ThGE3/FJbPnxORA=
59,77,Nmd1QiV68X2tt+L2y+4hsfhIvhs=,c1FNFq3zyOG1ThGE3/FJbPnxORA=
58,76,Nmd1QiV68X2tt+L2y+4hsfhIvhs=,c1FNFq3zyOG1ThGE3/FJbPnxORA=
60,77,Nmd1QiV68X2tt+L2y+4hsfhIvhs=,c1FNFq3zyOG1ThGE3/FJbPnxORA=
62,76,Nmd1QiV68X2tt+L2y+4hsfhIvhs=,c1FNFq3zyOG1ThGE3/FJbPnxORA=
61,77,Nmd1QiV68X2tt+L2y+4hsfhIvhs=,c1FNFq3zyOG1ThGE3/FJbPnxORA=
63,77,Nmd1QiV68X2tt+L2y+4hsfhIvhs=,c1FNFq3zyOG1ThGE3/FJbPnxORA=
57,77,Nmd1QiV68X2tt+L2y+4hsfhIvhs=,c1FNFq3zyOG1ThGE3/FJbPnxORA=
61,76,Nmd1QiV68X2tt+L2y+4hsfhIvhs=,c1FNFq3zyOG1ThGE3/FJbPnxORA=
56,77,Nmd1QiV68X2tt+L2y+4hsfhIvhs=,c1FNFq3zyOG1ThGE3/FJbPnxORA=
56,78,Nmd1QiV68X2tt+L2y+4hsfhIvhs=,c1FNFq3zyOG1ThGE3/FJbPnxORA=
52,76,Nmd1QiV68X2tt+L2y+4hsfhIvhs=,qp1Bn11wpyKuPwdjurA1CXwLAjg=
60,76,Nmd1QiV68X2tt+L2y+4hsfhIvhs=,c1FNFq3zyOG1ThGE3/FJbPnxORA=
63,76,Nmd1QiV68X2tt+L2y+4hsfhIvhs=,c1FNFq3zyOG1ThGE3/FJbPnxORA=
52,78,Nmd1QiV68X2tt+L2y+4hsfhIvhs=,qp1Bn11wpyKuPwdjurA1CXwLAjg=
57,76,Nmd1QiV68X2tt+L2y+4hsfhIvhs=,c1FNFq3zyOG1ThGE3/FJbPnxORA=
56,76,Nmd1QiV68X2tt+L2y+4hsfhIvhs=,c1FNFq3zyOG1ThGE3/FJbPnxORA=
59,76,Nmd1QiV68X2tt+L2y+4hsfhIvhs=,c1FNFq3zyOG1ThGE3/FJbPnxORA=
58,77,Nmd1QiV68X2tt+L2y+4hsfhIvhs=,c1FNFq3zyOG1ThGE3/FJbPnxORA=
49,78,Nmd1QiV68X2tt+L2y+4hsfhIvhs=,qp1Bn11wpyKuPwdjurA1CXwLAjg=
53,78,Nmd1QiV68X2tt+L2y+4hsfhIvhs=,qp1Bn11wpyKuPwdjurA1CXwLAjg=
55,78,Nmd1QiV68X2tt+L2y+4hsfhIvhs=,qp1Bn11wpyKuPwdjurA1CXwLAjg=
54,78,Nmd1QiV68X2tt+L2y+4hsfhIvhs=,qp1Bn11wpyKuPwdjurA1CXwLAjg=
50,78,Nmd1QiV68X2tt+L2y+4hsfhIvhs=,qp1Bn11wpyKuPwdjurA1CXwLAjg=
49,76,Nmd1QiV68X2tt+L2y+4hsfhIvhs=,qp1Bn11wpyKuPwdjurA1CXwLAjg=
55,76,Nmd1QiV68X2tt+L2y+4hsfhIvhs=,qp1Bn11wpyKuPwdjurA1CXwLAjg=
52,77,Nmd1QiV68X2tt+L2y+4hsfhIvhs=,qp1Bn11wpyKuPwdjurA1CXwLAjg=
53,76,Nmd1QiV68X2tt+L2y+4hsfhIvhs=,qp1Bn11wpyKuPwdjurA1CXwLAjg=
50,76,Nmd1QiV68X2tt+L2y+4hsfhIvhs=,qp1Bn11wpyKuPwdjurA1CXwLAjg=
51,78,Nmd1QiV68X2tt+L2y+4hsfhIvhs=,qp1Bn11wpyKuPwdjurA1CXwLAjg=
51,76,Nmd1QiV68X2tt+L2y+4hsfhIvhs=,qp1Bn11wpyKuPwdjurA1CXwLAjg=
54,76,Nmd1QiV68X2tt+L2y+4hsfhIvhs=,qp1Bn11wpyKuPwdjurA1CXwLAjg=
55,77,Nmd1QiV68X2tt+L2y+4hsfhIvhs=,qp1Bn11wpyKuPwdjurA1CXwLAjg=
54,77,Nmd1QiV68X2tt+L2y+4hsfhIvhs=,qp1Bn11wpyKuPwdjurA1CXwLAjg=
50,77,Nmd1QiV68X2tt+L2y+4hsfhIvhs=,qp1Bn11wpyKuPwdjurA1CXwLAjg=
49,77,Nmd1QiV68X2tt+L2y+4hsfhIvhs=,qp1Bn11wpyKuPwdjurA1CXwLAjg=
48,76,Nmd1QiV68X2tt+L2y+4hsfhIvhs=,qp1Bn11wpyKuPwdjurA1CXwLAjg=
53,77,Nmd1QiV68X2tt+L2y+4hsfhIvhs=,qp1Bn11wpyKuPwdjurA1CXwLAjg=
51,77,Nmd1QiV68X2tt+L2y+4hsfhIvhs=,qp1Bn11wpyKuPwdjurA1CXwLAjg=
48,77,Nmd1QiV68X2tt+L2y+4hsfhIvhs=,qp1Bn11wpyKuPwdjurA1CXwLAjg=
