0,0,cxGlaC4QqepQ+7spU+J0tgp3btk=,72WwJQgOiPfSiQZv0f+T73ZZMwk=
0,1,cxGlaC4QqepQ+7spU+J0tgp3btk=,jpdc7rbahfBd4LXStY4QkstqB3g=
0,2,cxGlaC4QqepQ+7spU+J0tgp3btk=,jpdc7rbahfBd4LXStY4QkstqB3g=
0,3,cxGlaC4QqepQ+7spU+J0tgp3btk=,jpdc7rbahfBd4LXStY4QkstqB3g=
0,4,cxGlaC4QqepQ+7spU+J0tgp3btk=,SwvdgKTOgmWnbEIeQg1o8eY5WaE=
0,5,cxGlaC4QqepQ+7spU+J0tgp3btk=,VFgDcl1NiDjgVUGXcxkekpEuYFA=
0,6,cxGlaC4QqepQ+7spU+J0tgp3btk=,VFgDcl1NiDjgVUGXcxkekpEuYFA=
0,7,cxGlaC4QqepQ+7spU+J0tgp3btk=,jxNyMGAIWOlLocJXslXRa2kkWqY=
0,8,cxGlaC4QqepQ+7spU+J0tgp3btk=,vu0YPDkNblo7AnnHThRj7eLMEZw=
0,9,cxGlaC4QqepQ+7spU+J0tgp3btk=,bebPAGZhTgyOO5/3oBovU1/HOQQ=
1,1,cxGlaC4QqepQ+7spU+J0tgp3btk=,ldRiZCOfMAQqOHIubIGUY39iOeo=
1,0,cxGlaC4QqepQ+7spU+J0tgp3btk=,x8PsgRe9xwQCCiZOfHATVrjvbJo=
1,3,cxGlaC4QqepQ+7spU+J0tgp3btk=,ldRiZCOfMAQqOHIubIGUY39iOeo=
1,2,VSRyruwZud8qiMksRFTfirhZbDM=,ldRiZCOfMAQqOHIubIGUY39iOeo=
1,5,VSRyruwZud8qiMksRFTfirhZbDM=,QjaTE89hxNh0qbxm5f+bcs0v+cQ=
1,4,VSRyruwZud8qiMksRFTfirhZbDM=,wSnKqH1p0dgYUW13cO/zNlcqrbc=
1,7,VSRyruwZud8qiMksRFTfirhZbDM=,79qAUCjhqsvZcKK2cR1s6yqi2kw=
1,6,VSRyruwZud8qiMksRFTfirhZbDM=,QjaTE89hxNh0qbxm5f+bcs0v+cQ=
1,9,VSRyruwZud8qiMksRFTfirhZbDM=,xsLt1lPP1526SgeyzIyWXWGNFAw=
1,8,VSRyruwZud8qiMksRFTfirhZbDM=,bebPAGZhTgyOO5/3oBovU1/HOQQ=
2,2,VSRyruwZud8qiMksRFTfirhZbDM=,e5b3poo9oQUZAKXcYrOuWT0fE0c=
2,3,VSRyruwZud8qiMksRFTfirhZbDM=,e5b3poo9oQUZAKXcYrOuWT0fE0c=
2,0,VSRyruwZud8qiMksRFTfirhZbDM=,7NYGiyiplwXvqgd0qk//Z6dIEx0=
2,1,VSRyruwZud8qiMksRFTfirhZbDM=,e5b3poo9oQUZAKXcYrOuWT0fE0c=
2,6,VSRyruwZud8qiMksRFTfirhZbDM=,sXdop5uDA+Y9ZohYkWBBG/AgmSU=
2,7,VSRyruwZud8qiMksRFTfirhZbDM=,KAHdrNEERwClf84iz24aHUXl1e4=
2,4,ISA4JU/8i0zwz2MHFL2vEg3PHGc=,Wdqk2V8WglHOkK9WwSU9UO9mNBY=
2,5,ISA4JU/8i0zwz2MHFL2vEg3PHGc=,RLMLSoUFeZcfzjku3QzL9rpMbqA=
2,8,ISA4JU/8i0zwz2MHFL2vEg3PHGc=,y9UAvwhsbJBj511hZP1VhIyw90Y=
2,9,ISA4JU/8i0zwz2MHFL2vEg3PHGc=,U32laNWz28IfcU9UXV/MQPIBppw=
3,3,ISA4JU/8i0zwz2MHFL2vEg3PHGc=,U4O0GXSc/RUZek0b5LxKWCMhiho=
3,2,ISA4JU/8i0zwz2MHFL2vEg3PHGc=,U4O0GXSc/RUZek0b5LxKWCMhiho=
3,1,ISA4JU/8i0zwz2MHFL2vEg3PHGc=,U4O0GXSc/RUZek0b5LxKWCMhiho=
3,0,ISA4JU/8i0zwz2MHFL2vEg3PHGc=,1w+mEkFxcHeg/wi+/FPm0ooMlmA=
3,7,ISA4JU/8i0zwz2MHFL2vEg3PHGc=,/SglpYCZdBm7DTVEP04ZlaSZ0dY=
3,6,ISA4JU/8i0zwz2MHFL2vEg3PHGc=,hFv1xsMddt5pQP0OJPcRfeQsO8w=
3,5,ISA4JU/8i0zwz2MHFL2vEg3PHGc=,5FSoj6t39tINCT+dlCLk3AKeu6U=
3,4,ISA4JU/8i0zwz2MHFL2vEg3PHGc=,qU6O5VtY1F6EQMWRk3RmitF/Y2w=
3,9,ISA4JU/8i0zwz2MHFL2vEg3PHGc=,U32laNWz28IfcU9UXV/MQPIBppw=
3,8,ISA4JU/8i0zwz2MHFL2vEg3PHGc=,y9UAvwhsbJBj511hZP1VhIyw90Y=
4,4,ISA4JU/8i0zwz2MHFL2vEg3PHGc=,kDc+0C1hHCPS+vkoWpBqumqgCtg=
4,5,1gMud6LGZ/X75OeNpr6MIXAIdJY=,q4fk6J1DxuVeIqVHTluIKshnxno=
4,6,1gMud6LGZ/X75OeNpr6MIXAIdJY=,q4fk6J1DxuVeIqVHTluIKshnxno=
4,7,1gMud6LGZ/X75OeNpr6MIXAIdJY=,1ZYdCm/bwxpdGBD5dPAppRnTdE0=
4,0,1gMud6LGZ/X75OeNpr6MIXAIdJY=,pXB9Gbfz/Ar4qbBj0kKzfY+ad+4=
4,1,1gMud6LGZ/X75OeNpr6MIXAIdJY=,py4PVimARNlKF/24FSotjdXtwKI=
4,2,1gMud6LGZ/X75OeNpr6MIXAIdJY=,biLI08emYbjdAttRXqIIo2j9L9o=
4,3,1gMud6LGZ/X75OeNpr6MIXAIdJY=,rjxUXJ+eDLELDoMWgBaNmHr3NPA=
4,8,1gMud6LGZ/X75OeNpr6MIXAIdJY=,y9UAvwhsbJBj511hZP1VhIyw90Y=
4,9,1gMud6LGZ/X75OeNpr6MIXAIdJY=,U32laNWz28IfcU9UXV/MQPIBppw=
5,5,1gMud6LGZ/X75OeNpr6MIXAIdJY=,vkWveM0cZ2/cM6HtP+ukCHv64Z8=
5,4,1gMud6LGZ/X75OeNpr6MIXAIdJY=,XjdzfHTT2s9aGd97qQSvsSJ2KcI=
5,7,1gMud6LGZ/X75OeNpr6MIXAIdJY=,kMvYpjmFf3Qvxmx5W4CLm+620Ps=
5,6,1gMud6LGZ/X75OeNpr6MIXAIdJY=,vkWveM0cZ2/cM6HtP+ukCHv64Z8=
5,1,1gMud6LGZ/X75OeNpr6MIXAIdJY=,vkWveM0cZ2/cM6HtP+ukCHv64Z8=
5,0,VtQ1d0d2mBfP+OyrcPjxtt8VlzM=,o0hskLnZScwojhqyEXTqdMCFbWw=
5,3,VtQ1d0d2mBfP+OyrcPjxtt8VlzM=,zpJjeJp1luq54ZfGXyOItXVmxpo=
5,2,VtQ1d0d2mBfP+OyrcPjxtt8VlzM=,/I9mhyx01p3+zwC8hKcuRPUodIU=
5,9,VtQ1d0d2mBfP+OyrcPjxtt8VlzM=,U32laNWz28IfcU9UXV/MQPIBppw=
5,8,VtQ1d0d2mBfP+OyrcPjxtt8VlzM=,y9UAvwhsbJBj511hZP1VhIyw90Y=
6,6,VtQ1d0d2mBfP+OyrcPjxtt8VlzM=,RgGGCJtXuwU/GHumiYWcTCMyPm0=
6,7,VtQ1d0d2mBfP+OyrcPjxtt8VlzM=,v/Ct7i6Z2nxvv//uGBTH3xdnqDU=
6,4,VtQ1d0d2mBfP+OyrcPjxtt8VlzM=,RgGGCJtXuwU/GHumiYWcTCMyPm0=
6,5,VtQ1d0d2mBfP+OyrcPjxtt8VlzM=,RgGGCJtXuwU/GHumiYWcTCMyPm0=
6,2,VtQ1d0d2mBfP+OyrcPjxtt8VlzM=,RgGGCJtXuwU/GHumiYWcTCMyPm0=
6,3,VtQ1d0d2mBfP+OyrcPjxtt8VlzM=,RgGGCJtXuwU/GHumiYWcTCMyPm0=
6,0,VtQ1d0d2mBfP+OyrcPjxtt8VlzM=,YwtXiwNsSdOB5sw8amlqhvsckZw=
6,1,VtQ1d0d2mBfP+OyrcPjxtt8VlzM=,RgGGCJtXuwU/GHumiYWcTCMyPm0=
6,8,37kuiyRT4PBIcoY0XWLPc5zGjQA=,wj5oxOo9Aedis7lvFZ3M+khJyb4=
6,9,37kuiyRT4PBIcoY0XWLPc5zGjQA=,wMjD+zzv8YjKhHUeb1qx6f1axMY=
7,7,37kuiyRT4PBIcoY0XWLPc5zGjQA=,zm2aOcymXFMaaXIQ7PQcVSv6XZQ=
7,6,37kuiyRT4PBIcoY0XWLPc5zGjQA=,zm2aOcymXFMaaXIQ7PQcVSv6XZQ=
7,5,37kuiyRT4PBIcoY0XWLPc5zGjQA=,zm2aOcymXFMaaXIQ7PQcVSv6XZQ=
7,4,37kuiyRT4PBIcoY0XWLPc5zGjQA=,zm2aOcymXFMaaXIQ7PQcVSv6XZQ=
7,3,37kuiyRT4PBIcoY0XWLPc5zGjQA=,zm2aOcymXFMaaXIQ7PQcVSv6XZQ=
7,2,37kuiyRT4PBIcoY0XWLPc5zGjQA=,zm2aOcymXFMaaXIQ7PQcVSv6XZQ=
7,1,37kuiyRT4PBIcoY0XWLPc5zGjQA=,zm2aOcymXFMaaXIQ7PQcVSv6XZQ=
7,0,37kuiyRT4PBIcoY0XWLPc5zGjQA=,zm2aOcymXFMaaXIQ7PQcVSv6XZQ=
7,9,37kuiyRT4PBIcoY0XWLPc5zGjQA=,amyziz7Rp+ParkrCaEFozRMUwCs=
7,8,37kuiyRT4PBIcoY0XWLPc5zGjQA=,mIjH3DcDLfU73S4uIa5Yq7lPpyw=
8,8,37kuiyRT4PBIcoY0XWLPc5zGjQA=,nvY6zAmMZC4XaY+AtTwZeme7ZtQ=
8,9,37kuiyRT4PBIcoY0XWLPc5zGjQA=,yIpUluLhl4tYqFdUVTp2NQaVtDc=
8,0,mi+zy87sOOe6NMFagQ+pESlUMcA=,KHtHEClGxZAlxgCNHvsp4taS0Rs=
8,1,mi+zy87sOOe6NMFagQ+pESlUMcA=,WShvVSQz2K+v2nVOhdKKYWNCzqw=
8,2,mi+zy87sOOe6NMFagQ+pESlUMcA=,+fdWumVbVa6P3ApDXnu4JfyXbaE=
8,3,mi+zy87sOOe6NMFagQ+pESlUMcA=,yHG05rM8/NAyvRESycgYoK+dl/s=
8,4,mi+zy87sOOe6NMFagQ+pESlUMcA=,apOFp9kkb26BNiQTIumbkzZzo/8=
8,5,mi+zy87sOOe6NMFagQ+pESlUMcA=,apOFp9kkb26BNiQTIumbkzZzo/8=
8,6,mi+zy87sOOe6NMFagQ+pESlUMcA=,6Oy5oGsvviDLKKb3CxyQ5EyL2AI=
8,7,mi+zy87sOOe6NMFagQ+pESlUMcA=,bvztb8bohbzh3ffWMHZ1rw6trHM=
9,9,mi+zy87sOOe6NMFagQ+pESlUMcA=,yIpUluLhl4tYqFdUVTp2NQaVtDc=
9,8,mi+zy87sOOe6NMFagQ+pESlUMcA=,yIpUluLhl4tYqFdUVTp2NQaVtDc=
9,1,mi+zy87sOOe6NMFagQ+pESlUMcA=,YtRuy5aOHPYdCC3gGv2LwWr5u18=
9,0,mi+zy87sOOe6NMFagQ+pESlUMcA=,5zpR92nXLESh7v0OXtj6aHiSs/E=
9,3,mi+zy87sOOe6NMFagQ+pESlUMcA=,qkKbZeVYGwnSQnkvcR/qK15BLC8=
9,2,mi+zy87sOOe6NMFagQ+pESlUMcA=,YtRuy5aOHPYdCC3gGv2LwWr5u18=
9,5,mi+zy87sOOe6NMFagQ+pESlUMcA=,qkKbZeVYGwnSQnkvcR/qK15BLC8=
9,4,mi+zy87sOOe6NMFagQ+pESlUMcA=,qkKbZeVYGwnSQnkvcR/qK15BLC8=
9,7,mi+zy87sOOe6NMFagQ+pESlUMcA=,wtj3gNqD+WHdv1+FKBsCGfvDp+I=
9,6,ieNLLa63ApEc72yzIoY6X7noXII=,y2fMPFg1k99cPc5S+s+bsYywOEg=
